"category","category_name","description"
"IAB1","Arts & Entertainment","Comprehensive content covering all forms of artistic expression, cultural events, and entertainment media. This broad category includes performing arts, digital entertainment, exhibitions, and pop culture. In the Indian context, it encompasses the vibrant ecosystem of traditional heritage, regional arts, local pop culture, and the massive domestic entertainment industry spanning multiple languages and states."
"IAB1-1","Books & Literature","Content related to reading, creative writing, publishing, book reviews, author interviews, and literary festivals (like the Jaipur Literature Festival). It includes regional Indian literature across languages (Hindi, Tamil, Bengali, Malayalam, etc.), Indian English fiction and non-fiction, mythology, poetry, graphic novels, and digital reading or audiobook platforms."
"IAB1-2","Celebrity Fan/Gossip","News, lifestyle updates, rumors, paparazzi coverage, and fandom discussions surrounding famous public figures. This heavily features Bollywood stars, Tollywood and Kollywood actors, Indian television personalities, sports icons, and prominent digital influencers. Includes coverage of celebrity weddings, fashion, airport looks, controversies, and social media activities."
"IAB1-3","Fine Art","Information concerning visual arts, painting, sculpture, photography, art galleries, auctions, and exhibitions. Covers both modern Indian contemporary artists and traditional Indian art forms (such as Madhubani, Warli, Tanjore, and Rajput paintings), as well as classical heritage, historical architecture, and museum collections across India."
"IAB1-4","Humor","Comedic entertainment including stand-up comedy, political satire, internet memes, comic strips, spoof videos, and sketch comedy. This encompasses the booming Indian stand-up comedy scene, regional language jokes, viral social media trends, satirical takes on Indian society and daily life, and popular comedy collectives."
"IAB1-5","Movies","Content focused on film releases, cinema reviews, box office collections, trailers, and film festivals. This covers the massive and diverse Indian film industry, including Bollywood (Hindi cinema), Tollywood (Telugu), Kollywood (Tamil), Mollywood (Malayalam), Sandalwood (Kannada), and other regional cinema, as well as the reception of Hollywood blockbusters in India."
"IAB1-6","Music","Coverage of musical releases, artist profiles, live concerts, music festivals, streaming platforms, and album reviews. This includes a wide spectrum of Indian classical music (Hindustani and Carnatic), Bollywood playback singing, regional folk music, devotional songs (Bhajans/Qawwalis), independent Indian pop (Indie), Punjabi music, and international hits."
"IAB1-7","Television","Content about TV programming, daily schedules, episode recaps, streaming series, and broadcasting network news. Covers Indian daily soaps, reality television shows (such as Bigg Boss, Kaun Banega Crorepati, Indian Idol), regional broadcasting channels, live sports broadcasts, and the rapidly growing market of Indian web series on OTT platforms."
"IAB2","Automotive","Comprehensive content encompassing the entire motor vehicle industry. In India, this covers passenger cars, commercial vehicles, and the massive two-wheeler market. Includes automotive news, OEM manufacturing (Tata Motors, Mahindra, Maruti Suzuki), the Auto Expo, RTO regulations, BS6 emission norms, and general vehicle technology and mobility trends."
"IAB2-1","Auto Parts","Content detailing vehicle components, aftermarket accessories, and OEM replacements. Includes car batteries (Exide, Amaron), tires (MRF, CEAT, Apollo), engine oils, brake pads, and cosmetic modifications. Covers both authorized spare part dealers and local automotive markets like Karol Bagh or Kurla."
"IAB2-2","Auto Repair","Information regarding vehicle maintenance, servicing, and mechanical fixes. Covers authorized brand service centers, local garage mechanics, denting and painting, monsoon health check-ups, wheel alignment, periodic oil changes, and troubleshooting car and bike engine issues."
"IAB2-3","Buying/Selling Cars","Content focused on vehicle transactions, both new and used. Includes car and bike reviews, dealership visits, test drives, RTO registration, automotive financing (EMIs and car loans), and online aggregator platforms like CarWale, CarDekho, and Spinny."
"IAB2-4","Car Culture","Discussions surrounding automotive enthusiasm, driving communities, and lifestyle. In India, this includes road trips to destinations like Ladakh, car and bike modification scenes, motor vlogging, rally racing, automotive photography, and local owner community clubs."
"IAB2-5","Certified Pre-Owned","Information on used vehicles that have been inspected, refurbished, and backed by a manufacturer or dealer warranty. Highlights India's organized second-hand market such as Maruti Suzuki True Value and Mahindra First Choice, focusing on reliability and multi-point quality checks."
"IAB2-6","Convertible","Content about luxury automobiles featuring a retractable or removable roof. A highly niche lifestyle segment in the Indian market, covering both soft-top cabriolets and hard-top convertibles, usually associated with high-end premium and sports car brands."
"IAB2-7","Coupe","Focuses on two-door passenger cars featuring a closed-body style and sloping rear roofline. Represents the premium, sporty aesthetic segment, offering aerodynamic designs and specialized driving dynamics, mostly seen in imported luxury vehicles."
"IAB2-8","Crossover","Content regarding vehicles combining features of a passenger car with those of an SUV. In India, this heavily features the booming sub-4-meter compact SUV segment (like Nexon, Brezza, Creta), offering high ground clearance for Indian roads, practical space, and urban styling."
"IAB2-9","Diesel","Vehicles powered by diesel engines. Content focuses on high torque, fuel efficiency for long highway commutes, and BS6 phase-2 compliance. Also includes discussions on the declining trend of diesel cars in India due to strict emission regulations and 10-year lifespan rules in Delhi-NCR."
"IAB2-10","Electric Vehicle","Information on battery electric vehicles (BEVs) and green mobility. Covers the rapidly expanding Indian EV ecosystem (Tata Nexon EV, Ola Electric, Ather), lithium-ion battery technology, FAME II government subsidies, charging infrastructure, and range anxiety solutions."
"IAB2-11","Hatchback","Content on small to medium passenger cars with an upward-opening rear hatch. Hatchbacks are the backbone of Indian roads (e.g., Alto, Swift, i20), heavily favored for their compact size, easy parking in congested cities, excellent mileage, and first-time car buyer appeal."
"IAB2-12","Hybrid","Vehicles combining an internal combustion engine with an electric motor. Covers strong and mild hybrid technologies (like Toyota Hyryder or Honda City e:HEV), regenerative braking, and their role as a high-fuel-efficiency bridge between traditional petrol cars and fully electric vehicles."
"IAB2-13","Luxury","Content focused on premium, high-end automobile brands (such as Mercedes-Benz, BMW, Audi, JLR). Highlights advanced technology, plush interiors, status-symbol appeal, and the chauffeur-driven car culture prevalent among India's affluent demographic."
"IAB2-14","MiniVan","Information on multi-purpose vehicles (MPVs) or people carriers designed for maximum passenger space. In India, this segment (featuring the Innova and Ertiga) is crucial for large joint family transport, inter-city travel, and the commercial fleet/taxi sector."
"IAB2-15","Motorcycles","Content encompassing the massive Indian two-wheeler industry. Covers daily commuter bikes, gearless scooters (Honda Activa), performance motorcycles (KTM), and heritage cruisers (Royal Enfield). Focuses on fuel economy, urban commuting agility, and two-wheeler finance."
"IAB2-16","Off-Road Vehicles","Vehicles specifically designed or modified for rugged terrains, featuring four-wheel drive (4x4) and high ground clearance. Highlights vehicles like the Mahindra Thar and Gurkha, covering off-roading trails, mud-plugging, suspension upgrades, and adventure motoring."
"IAB2-17","Performance Vehicles","Content about sports cars, supercars, and track-focused automobiles designed for speed, handling, and high horsepower. Appeals to high-performance driving enthusiasts, covering aerodynamics, 0-100 km/h acceleration metrics, and track days at the Buddh International Circuit."
"IAB2-18","Pickup","Light motor vehicles with an enclosed cab and an open cargo area. Encompasses both the commercial goods-carrier segment (like the Bolero Pik-Up) and the emerging lifestyle utility vehicle segment (like the Isuzu V-Cross or Toyota Hilux) for adventure enthusiasts."
"IAB2-19","Road-Side Assistance","Content related to emergency vehicle breakdown services. Covers towing, flat tire repair, jump-starting dead batteries, and on-site minor mechanical fixes, particularly relevant for Indian highways, expressways, and brand-provided RSA subscription packages."
"IAB2-20","Sedan","Standard three-box configuration passenger cars featuring separate compartments for engine, passengers, and cargo (boot space). Includes compact and executive sedans (like Honda City, Hyundai Verna), valued for ride comfort, aerodynamic stability, and family travel."
"IAB2-21","Trucks & Accessories","Content concerning heavy-duty commercial vehicles, lorries, and freight transport. Covers the Indian logistics and trucking industry (Tata Motors, Ashok Leyland), cargo capacity, fleet management, commercial vehicle parts, and the unique, colorful truck art culture of India."
"IAB2-22","Vintage Cars","Information regarding classic, antique, and historically significant automobiles. Covers vehicle restoration, heritage car preservation, and prestigious vintage car rallies across India (such as the Cartier Concours d'Elegance or the Statesman rally)."
"IAB2-23","Wagon","Content on station wagons or estate cars, characterized by an extended roofline and expanded cargo area behind the passenger seats. While historically a niche segment in India (e.g., Tata Estate), content focuses on maximum utility, luggage capacity, and family touring."
"IAB3","Business","Comprehensive coverage of the corporate sector, macroeconomics, and commercial enterprises. In the Indian context, this encompasses the stock markets (BSE/NSE), foreign direct investment (FDI), Union Budget policies, MSME sector growth, the booming startup ecosystem (unicorns, venture capital), corporate governance, and key regulatory bodies like SEBI and RBI."
"IAB3-1","Advertising","Content focused on commercial messaging, media buying, and ad agencies. Covers the Indian advertising ecosystem, including print, television commercials (TVCs), Out-of-Home (OOH) media, digital programmatic advertising, localized regional ad campaigns, and compliance with the Advertising Standards Council of India (ASCI)."
"IAB3-2","Agriculture","Information concerning farming, crop production, and the rural economy. Highly relevant to India, covering Kharif and Rabi crop seasons, Minimum Support Price (MSP), APMC mandis, agricultural equipment (tractors), fertilizers, irrigation techniques, and the emerging Agritech startup sector optimizing supply chains."
"IAB3-3","Biotech/Biomedical","Content on pharmaceutical manufacturing, life sciences, and biomedical engineering. Highlights India's position as the 'Pharmacy of the World,' covering generic drug production, vaccine manufacturing (e.g., Serum Institute, Bharat Biotech), clinical trials, medical devices, and research parks in Hyderabad and Pune."
"IAB3-4","Business Software","Focuses on enterprise technology, productivity tools, and IT infrastructure. Encompasses the massive Indian IT/ITeS services sector (TCS, Infosys, Wipro), homegrown SaaS startups (Zoho, Freshworks), ERP solutions, cloud computing architecture, and software specifically designed for Indian GST billing and compliance."
"IAB3-5","Construction","Information regarding real estate development, civil engineering, and building materials. Covers Indian urban infrastructure projects (NHAI highways, Metro rail networks, Smart Cities), commercial and residential real estate trends, RERA regulations, and major domestic players like L&T, Ambuja, and UltraTech Cement."
"IAB3-6","Forestry","Content related to timber production, forest management, and silviculture. In India, this includes discussions on minor forest produce, the tribal economy, paper and pulp manufacturing, sustainable logging practices, bamboo cultivation, and regulations by the Ministry of Environment, Forest and Climate Change."
"IAB3-7","Government","Business interactions with the state and public sector. Covers Public Sector Undertakings (PSUs), government tenders (e-procurement), public-private partnerships (PPP), taxation (GST and corporate tax), and national economic initiatives like Make in India, Digital India, and the PLI (Production Linked Incentive) scheme."
"IAB3-8","Green Solutions","Focuses on sustainability, clean technology, and eco-friendly business practices. Covers India's transition to renewable energy (solar parks, wind energy), the National Green Hydrogen Mission, corporate ESG (Environmental, Social, and Governance) compliance, waste management, and the International Solar Alliance."
"IAB3-9","Human Resources","Content on workforce management, recruitment, and organizational behavior. Covers the Indian job market, talent acquisition in tier-1 and tier-2 cities, labor laws, EPFO (provident fund) regulations, corporate attrition rates, remote working trends, gig economy worker policies, and HR-tech platforms."
"IAB3-10","Logistics","Information regarding supply chain management, freight, and commercial transportation. Details India's logistics network, including the Dedicated Freight Corridors, major seaports (JNPT, Mundra), e-commerce last-mile delivery (Delhivery, Blue Dart), cold chain storage, and the National Logistics Policy."
"IAB3-11","Marketing","Content focused on brand strategy, market research, and consumer outreach. Covers B2B and B2C marketing dynamics in India, the highly competitive FMCG sector, rural marketing penetration strategies, influencer collaborations, omnichannel retailing, and targeted festive season sales campaigns (like Diwali or Big Billion Days)."
"IAB3-12","Metals","Information concerning metallurgy, mining, and metal manufacturing. A critical industrial sector in India, covering the production and export of steel, aluminum, and copper. Highlights major domestic conglomerates like Tata Steel, JSW, and Vedanta, along with discussions on global commodity pricing and raw material supply."
"IAB3","Business","Comprehensive coverage of the corporate sector, macroeconomics, and commercial enterprises. In the Indian context, this encompasses the stock markets (BSE/NSE), foreign direct investment (FDI), Union Budget policies, MSME sector growth, the booming startup ecosystem (unicorns, venture capital), corporate governance, and key regulatory bodies like SEBI and RBI."
"IAB3-1","Advertising","Content focused on commercial messaging, media buying, and ad agencies. Covers the Indian advertising ecosystem, including print, television commercials (TVCs), Out-of-Home (OOH) media, digital programmatic advertising, localized regional ad campaigns, and compliance with the Advertising Standards Council of India (ASCI)."
"IAB3-2","Agriculture","Information concerning farming, crop production, and the rural economy. Highly relevant to India, covering Kharif and Rabi crop seasons, Minimum Support Price (MSP), APMC mandis, agricultural equipment (tractors), fertilizers, irrigation techniques, and the emerging Agritech startup sector optimizing supply chains."
"IAB3-3","Biotech/Biomedical","Content on pharmaceutical manufacturing, life sciences, and biomedical engineering. Highlights India's position as the 'Pharmacy of the World,' covering generic drug production, vaccine manufacturing (e.g., Serum Institute, Bharat Biotech), clinical trials, medical devices, and research parks in Hyderabad and Pune."
"IAB3-4","Business Software","Focuses on enterprise technology, productivity tools, and IT infrastructure. Encompasses the massive Indian IT/ITeS services sector (TCS, Infosys, Wipro), homegrown SaaS startups (Zoho, Freshworks), ERP solutions, cloud computing architecture, and software specifically designed for Indian GST billing and compliance."
"IAB3-5","Construction","Information regarding real estate development, civil engineering, and building materials. Covers Indian urban infrastructure projects (NHAI highways, Metro rail networks, Smart Cities), commercial and residential real estate trends, RERA regulations, and major domestic players like L&T, Ambuja, and UltraTech Cement."
"IAB3-6","Forestry","Content related to timber production, forest management, and silviculture. In India, this includes discussions on minor forest produce, the tribal economy, paper and pulp manufacturing, sustainable logging practices, bamboo cultivation, and regulations by the Ministry of Environment, Forest and Climate Change."
"IAB3-7","Government","Business interactions with the state and public sector. Covers Public Sector Undertakings (PSUs), government tenders (e-procurement), public-private partnerships (PPP), taxation (GST and corporate tax), and national economic initiatives like Make in India, Digital India, and the PLI (Production Linked Incentive) scheme."
"IAB3-8","Green Solutions","Focuses on sustainability, clean technology, and eco-friendly business practices. Covers India's transition to renewable energy (solar parks, wind energy), the National Green Hydrogen Mission, corporate ESG (Environmental, Social, and Governance) compliance, waste management, and the International Solar Alliance."
"IAB3-9","Human Resources","Content on workforce management, recruitment, and organizational behavior. Covers the Indian job market, talent acquisition in tier-1 and tier-2 cities, labor laws, EPFO (provident fund) regulations, corporate attrition rates, remote working trends, gig economy worker policies, and HR-tech platforms."
"IAB3-10","Logistics","Information regarding supply chain management, freight, and commercial transportation. Details India's logistics network, including the Dedicated Freight Corridors, major seaports (JNPT, Mundra), e-commerce last-mile delivery (Delhivery, Blue Dart), cold chain storage, and the National Logistics Policy."
"IAB3-11","Marketing","Content focused on brand strategy, market research, and consumer outreach. Covers B2B and B2C marketing dynamics in India, the highly competitive FMCG sector, rural marketing penetration strategies, influencer collaborations, omnichannel retailing, and targeted festive season sales campaigns (like Diwali or Big Billion Days)."
"IAB3-12","Metals","Information concerning metallurgy, mining, and metal manufacturing. A critical industrial sector in India, covering the production and export of steel, aluminum, and copper. Highlights major domestic conglomerates like Tata Steel, JSW, and Vedanta, along with discussions on global commodity pricing and raw material supply."
"IAB4","Careers","Broad content encompassing professional development, workforce trends, and the job market. Includes labor market analysis, industry-specific hiring trends in India, workplace culture, salary benchmarks, and professional upskilling resources across both private and public sectors."
"IAB4-1","Career Planning","Strategic content for long-term professional growth. Includes advice on skill development, choosing career paths in growing sectors (like AI, Data Science, or Green Energy), mentorship, networking, and transitions between industries or roles."
"IAB4-2","College","Information related to higher education as a gateway to careers. Covers entrance exams (JEE, NEET, CAT, GATE), campus placement preparation, university selection, undergraduate/postgraduate degree programs, and the transition from academic life to corporate environments."
"IAB4-3","Financial Aid","Content concerning funding for higher education and professional training. Includes information on education loans (from banks like SBI, HDFC), interest subsidies, government grants, and financial planning for expensive professional courses or overseas studies."
"IAB4-4","Job Fairs","Coverage of recruitment events, campus placement drives, and job melas. Focuses on the ecosystem of offline and digital hiring events, job expos organized by universities, and industry-specific hiring conclaves where candidates interact directly with recruiters."
"IAB4-5","Job Search","Practical guidance and platforms for finding employment. Covers popular Indian job portals (Naukri, LinkedIn, Indeed), networking strategies, headhunting agencies, and tips for navigating the recruitment process in a competitive market."
"IAB4-6","Resume Writing/Advice","Content on creating impactful professional profiles. Includes advice on crafting resumes, CV formats, LinkedIn profile optimization, cover letter writing, and building portfolios that stand out in Indian applicant tracking systems (ATS)."
"IAB4-7","Nursing","Specialized content regarding careers in the healthcare and nursing sector. Covers nursing degree programs (B.Sc. Nursing), entrance examinations, career paths in hospitals and clinics, medical tourism, and international nursing opportunities for Indian professionals."
"IAB4-8","Scholarships","Information on merit-based and need-based financial awards. Covers government-funded scholarships (like AICTE or UGC grants), private corporate scholarships, and fellowships for students pursuing professional or technical education in India."
"IAB4-9","Telecommuting","Information on remote work, hybrid models, and digital nomadism. Covers the rise of WFH (Work From Home) culture in India’s IT/ITeS sector, tools for distributed teams, digital productivity, and legal/policy aspects of remote employment."
"IAB4-10","Government Jobs","Information regarding public sector employment. Highly specific to the Indian context, covering UPSC (Civil Services), SSC (Staff Selection Commission), Banking (IBPS/SBI PO), Railways, and State Public Service Commissions. Includes exam notifications, preparation tips, and eligibility criteria."
"IAB4-11","Career Advice","General professional guidance and soft-skills development. Includes articles on workplace communication, conflict resolution, leadership training, preparing for group discussions and personal interviews (GD/PI), and general career motivation."
"IAB5","Education","Comprehensive coverage of the Indian education system, encompassing primary schooling, higher education, and lifelong learning. Includes policies like the National Education Policy (NEP 2020), the Right to Education (RTE) Act, digital literacy, the massive Indian EdTech ecosystem, and both traditional classroom and online pedagogies."
"IAB5-1","7-12 Education","Content focused on secondary and higher secondary schooling in India (Classes 7 to 12). Covers major educational boards (CBSE, ICSE, and various State Boards), board examination preparation, curriculum updates, foundational coaching for competitive exams (JEE, NEET), and STEM vs. Commerce stream selections."
"IAB5-2","Adult Education","Information regarding continuing education for mature learners. Covers adult literacy programs, the Skill India initiative, vocational training, night schools, polytechnic diplomas, and professional upskilling courses designed for workforce integration and non-traditional students."
"IAB5-3","Art History","Study of historical visual arts, architecture, and cultural artifacts. In the Indian context, this covers academic curriculum focused on ancient Indian architecture (Dravidian and Nagara styles), Mughal and Rajput paintings, classical antiquity, and preparation for humanities and fine arts degrees."
"IAB5-4","College Administration","Content related to the management and governance of higher education institutions. Covers regulatory bodies like the University Grants Commission (UGC), AICTE, and the Medical Council of India (MCI/NMC), NAAC accreditation processes, institutional funding, and academic policy implementation."
"IAB5-5","College Life","Discussions on the campus culture and student experience in Indian universities. Covers life at premier institutes (IITs, NITs, IIMs, Delhi University), hostel living, cultural fests (like IIT Bombay's Mood Indigo), student unions, college societies, and the transition from school to independent college life."
"IAB5-6","Distance Learning","Content concerning remote education and correspondence courses. Highlights India's open universities (such as IGNOU and YCMOU), online degree programs, massive open online courses (MOOCs like SWAYAM), and the rapid expansion of virtual classrooms and EdTech platforms bridging the rural-urban divide."
"IAB5-7","English as a 2nd Language","Information focused on English language acquisition for non-native speakers. Covers spoken English coaching centers, vernacular-to-English transition strategies, and preparation for international proficiency tests (IELTS, TOEFL, PTE) commonly required for overseas education and global employment."
"IAB5-8","Language Learning","Content regarding the study of regional and foreign languages. Covers learning indigenous Indian languages (Hindi, Tamil, Sanskrit, Bengali, etc.) as well as acquiring global languages (French, German, Spanish) through institutions like the Goethe-Institut (Max Mueller Bhavan) or the Alliance Française."
"IAB5-9","Graduate School","Information concerning postgraduate studies and research programs. Covers Master's degrees (M.Tech, MA, M.Sc), Ph.D. research fellowships (UGC-NET, JRF), the GATE examination, academic publishing, thesis defense, and admissions into premier Indian research institutions like IISc and TIFR."
"IAB5-10","Homeschooling","Content focused on alternative education models outside traditional formal schooling. Covers the niche but growing urban Indian trend of unschooling, customized home curriculums, and utilizing the National Institute of Open Schooling (NIOS) board for standardized testing and certification."
"IAB5-11","Homework/Study Tips","Practical guidance for academic success and exam preparation. Covers revision techniques, time management for board exams, rote learning vs. conceptual understanding, memory aids (mnemonics), creating study timetables, and utilizing online doubt-solving apps and peer study groups."
"IAB5-12","K-6 Educators","Resources and content tailored for primary school teachers and early childhood education. Covers foundational literacy and numeracy (FLN), Montessori and Waldorf pedagogies, Anganwadi curriculum, classroom management, and child psychology for students from Kindergarten through 6th grade."
"IAB5-13","Private School","Information regarding independent, unaided, and fee-charging schools. Covers premium international boards (IB, IGCSE), prestigious Indian boarding schools (like The Doon School, Mayo College), elite day schools, school fee structures, and the competitive nursery admission process in metropolitan cities."
"IAB5-14","Special Education","Content focused on inclusive education for students with specific learning or physical needs. Covers learning disabilities (Dyslexia, ADHD, Autism spectrum), individualized education programs (IEPs), Guidelines by the Rehabilitation Council of India (RCI), and training for special educators."
"IAB5-15","Studying Business","Information concerning commerce, finance, and management education. Covers degrees like B.Com and BBA, professional certifications (Chartered Accountancy - CA, Company Secretary - CS), and rigorous preparation for Indian MBA entrance exams (CAT, XAT, NMAT) targeting tier-1 B-schools."
"IAB6","Family & Parenting","Broad content focusing on domestic life, child-rearing, and household dynamics. In the Indian context, this encompasses the transition from traditional multi-generational joint families to urban nuclear setups, cultural values (sanskar), kinship networks, work-life balance for working parents, and managing relationships across generations."
"IAB6-1","Adoption","Content related to the legal, social, and emotional processes of adopting children. Covers Indian adoption regulations under CARA (Central Adoption Resource Authority), the Hindu Adoptions and Maintenance Act (HAMA), the Juvenile Justice Act, navigating complex legal paperwork, overcoming social stigmas, and foster care."
"IAB6-2","Babies and Toddlers","Information regarding infant care and early childhood development (ages 0-3). Includes pediatric health, vaccination schedules (BCG, Polio, DPT), traditional Indian baby care practices (maalish/mustard oil massage), cultural ceremonies (Mundan, Annaprashan), sleep training, weaning, and infant nutrition (Cerelac, homemade purees)."
"IAB6-3","Daycare/Pre School","Content focused on early childhood care and education (ECCE) for working families. Covers the booming Indian playschool sector (such as Kidzee, EuroKids), government Anganwadi centers, corporate creches, Montessori methodologies, and the logistical challenges of hiring trusted domestic nannies (ayahs)."
"IAB6-4","Family Internet","Guidance on digital safety, broadband usage, and technology consumption within the household. Covers digital parenting, setting screen time limits, parental control software, cyberbullying awareness, safe online gaming environments, family WhatsApp groups, and digital literacy for senior citizens."
"IAB6-5","Parenting - K-6 Kids","Advice on raising primary school-aged children (approx. ages 5-11). Covers managing school homework, the reliance on private tuitions, balancing academics with extracurriculars, child nutrition (health drinks, tiffin box recipes), behavioral discipline, and imparting cultural/moral stories (Panchatantra, mythology)."
"IAB6-6","Parenting teens","Content navigating adolescence, puberty, and young adulthood. In India, this heavily features managing immense academic stress (Class 10/12 board exams, JEE/NEET coaching pressure), addressing the generation gap, tackling peer pressure, teenage rebellion, and fostering open conversations about mental health and social media addiction."
"IAB6-7","Pregnancy","Information on maternal health, obstetrics, and the journey from conception to childbirth. Covers prenatal care, traditional Indian pregnancy customs (Godh Bharai/baby shower, postpartum confinement diets like panjiri and ghee), maternity leave laws, sonography regulations (PCPNDT Act), and newborn nursing."
"IAB6-8","Special Needs Kids","Resources for parenting children with physical, developmental, or learning disabilities. Covers navigating the Indian inclusive education system, seeking specialized therapies (speech, occupational), understanding neurodivergence (Autism spectrum, ADHD, Dyslexia), the Rights of Persons with Disabilities Act, and localized parent support networks."
"IAB6-9","Eldercare","Content focused on geriatric health, senior citizen welfare, and supporting aging parents. Discusses the strong Indian cultural ethos of filial duty (Shravan Kumar ideal), home healthcare nursing, managing chronic illnesses (diabetes, dementia), the rise of premium assisted living and retirement communities, and Ayushman Bharat senior schemes."
"IAB7","Health & Fitness","Broad coverage of physical and mental well-being, preventative healthcare, and medical treatments. In India, this spans modern allopathic medicine (Apollo, Fortis), traditional AYUSH practices (Ayurveda, Yoga, Unani, Siddha, Homeopathy), fitness trends, government health schemes (Ayushman Bharat, CGHS), and generic pharmaceutical availability (Jan Aushadhi)."
"IAB7-1","Exercise","Content focused on physical workouts and fitness regimens. Covers the Indian gym culture (Cult.fit, Gold's Gym), indigenous practices like Surya Namaskar and Akhara wrestling (Pehlwani), marathon training in tier-1 cities, Zumba, and general home workout trends."
"IAB7-2","A.D.D.","Information on Attention Deficit Disorder (ADHD) management. Focuses on neurodivergence in the Indian context, destigmatizing pediatric mental health, specialized educational accommodations, pediatric psychiatry, and behavioral therapy available in metropolitan cities."
"IAB7-3","AIDS/HIV","Content regarding HIV prevention, treatment, and living with AIDS. Covers the National AIDS Control Organisation (NACO) guidelines, ART (Antiretroviral Therapy) centers in India, breaking rural stigmas, NGOs working in high-risk group rehabilitation, and sexual health awareness."
"IAB7-4","Allergies","Information on managing hypersensitivity and allergic reactions. Covers common Indian allergens like pollen, dust mites, and pollution-induced rhinitis (especially in Delhi NCR), food allergies (lactose, peanut), antihistamine medications, and traditional dietary avoidances."
"IAB7-5","Alternative Medicine","Content dedicated to non-allopathic healing practices. Deeply rooted in India via the AYUSH ministry, covering Ayurvedic doshas (Vata, Pitta, Kapha), Panchakarma therapy, Homeopathy remedies (Arnica, Nux Vomica), Siddha medicine in Tamil Nadu, and Naturopathy."
"IAB7-6","Arthritis","Information on joint inflammation and musculoskeletal pain. Covers osteoarthritis and rheumatoid arthritis prevalent among the Indian elderly demographic, pain management via allopathic analgesics, physiotherapies, and Ayurvedic treatments like Shallaki and joint massages."
"IAB7-7","Asthma","Content regarding chronic respiratory conditions. Highly relevant in India due to urban air pollution (high AQI) and crop stubble burning. Covers asthma inhalers (Cipla), nebulization, pediatric asthma, pulmonary function tests, and breathing exercises like Pranayama."
"IAB7-8","Autism/PDD","Resources for Autism Spectrum Disorder and Pervasive Developmental Disorders. Covers early diagnostic centers in India, occupational and speech therapy, navigating the Rights of Persons with Disabilities Act, and breaking societal taboos around neurodivergence."
"IAB7-9","Bipolar Disorder","Information on managing manic-depressive illness. Focuses on psychiatric care, mood stabilizers, the role of family support in the Indian joint family structure, the Mental Healthcare Act 2017, and destigmatizing severe mental health conditions."
"IAB7-10","Brain Tumor","Content covering neuro-oncology and brain cancer treatments. Details advanced neurosurgery options at premier Indian institutes (NIMHANS, AIIMS), radiation therapy, chemotherapy protocols, diagnostic MRIs, and patient rehabilitation."
"IAB7-11","Cancer","Comprehensive oncology resources. Covers breast, cervical, and oral cancers (highly prevalent in India due to tobacco/gutka consumption). Includes treatment protocols at Tata Memorial Hospital, chemotherapy, radiation, generic cancer drugs, and palliative care."
"IAB7-12","Cholesterol","Information on managing lipid levels and cardiovascular risk. Covers dietary shifts away from trans-fats and excessive ghee, statin medications, lipid profile blood tests (PathKind, Dr. Lal PathLabs), and lifestyle interventions for the Indian demographic."
"IAB7-13","Chronic Fatigue Syndrome","Content on long-term disabling fatigue (Myalgic Encephalomyelitis). Discusses diagnostic challenges in India, the impact on corporate workforce productivity, symptom management, and distinguishing CFS from general nutritional deficiencies like Vitamin D/B12."
"IAB7-14","Chronic Pain","Information on long-term pain management. Covers neuropathic pain, slipped discs, and fibromyalgia. Includes Indian pain clinics, alternative acupuncture, ergonomic corrections for IT professionals, and restrictions on opioid analgesics in India."
"IAB7-15","Cold & Flu","Guidance on seasonal viral infections. Highly relevant during the Indian monsoon and winter shifts. Covers OTC medicines (Crocin, Dolo-650, Cheston Cold), traditional Indian home remedies (kadha, haldi doodh/turmeric milk), and influenza vaccinations."
"IAB7-16","Deafness","Resources for hearing loss and audiology. Covers hearing aids, cochlear implants under government schemes (ADIP), learning Indian Sign Language (ISL), and accessible infrastructure for the hearing impaired in educational institutions."
"IAB7-17","Dental Care","Information on oral hygiene and dentistry. Covers pediatric dentistry, orthodontics (braces/aligners like toothsi), root canal treatments, periodontics, scaling, and the booming Indian cosmetic dentistry and dental tourism sector."
"IAB7-18","Depression","Content concerning major depressive disorder. Discusses the growing awareness of clinical depression in India, accessible tele-psychiatry platforms (Practo, Wysa), destigmatizing seeking therapy, anti-depressants, and suicide prevention helplines (AASRA)."
"IAB7-19","Dermatology","Information on skin, hair, and nail health. Covers common Indian skin concerns like hyperpigmentation, fungal infections (due to humid climate), acne treatments, hair loss solutions (minoxidil), and the shift towards clinical derma-skincare brands."
"IAB7-20","Diabetes","Comprehensive content on metabolic disease management. Highly critical as India is often termed the 'Diabetes Capital of the World.' Covers Type 2 diabetes, HbA1c testing, insulin administration, glucometers, dietary control (low glycemic index Indian foods), and diabetic retinopathy."
"IAB7-21","Epilepsy","Information on neurological seizure disorders. Covers anti-epileptic drug therapy, EEG diagnostics, addressing rural Indian superstitions surrounding seizures, and managing workplace/school environments for epileptic patients."
"IAB7-22","GERD/Acid Reflux","Guidance on gastroesophageal reflux disease. Common in India due to spicy, oily diets and irregular eating habits. Covers antacids (Gelusil, Digene), proton pump inhibitors (Pantocid), endoscopy, and dietary modifications like reducing chillies and caffeine."
"IAB7-23","Headaches/Migraines","Information on tension headaches and severe migraines. Covers trigger identification (sunlight, stress, skipped meals), OTC pain relievers (Saridon, Disprin), prescription triptans, and Ayurvedic stress-relief balms (Zandu Balm, Amrutanjan)."
"IAB7-24","Heart Disease","Content on cardiovascular health and cardiology. Covers the high incidence of early-onset coronary artery disease in Indians, ECG/Echo diagnostics, angioplasty, bypass surgery (CABG) at hospitals like Medanta, hypertension, and heart-healthy cooking oils."
"IAB7-25","Herbs for Health","Information on botanical and herbal remedies. Deeply integrated into the Indian lifestyle, covering medicinal plants like Ashwagandha (stress), Tulsi (immunity), Neem (antibacterial), Giloy, and the commercial market for herbal supplements (Himalaya, Patanjali)."
"IAB7-26","Holistic Healing","Content regarding whole-body wellness approaches. Covers the integration of mind, body, and spirit through practices like Vipassana meditation, Reiki, Chakra healing, Isha Foundation programs, and wellness retreats in Rishikesh and Kerala."
"IAB7-27","IBS/Crohn's Disease","Information on inflammatory and irritable bowel conditions. Covers managing digestive distress, tailored Indian diets (reducing complex lentils/dairy), colonoscopy diagnostics, gastroenterology, and gut microbiome health (probiotics/curd)."
"IAB7-28","Incest/Abuse Support","Resources for survivors of domestic violence and sexual abuse. Covers legal protections under the POCSO and Domestic Violence Acts, NGO helplines (Snehalaya, Majlis), trauma counseling, and navigating the Indian socio-legal justice system safely."
"IAB7-29","Incontinence","Information on loss of bladder or bowel control. Discusses geriatric care, the growing adult diaper market in India (Friends, KareIn), pelvic floor exercises (Kegels), urology consultations, and breaking the embarrassment surrounding the condition."
"IAB7-30","Infertility","Content regarding reproductive challenges and assisted conception. Covers the booming Indian IVF and surrogacy sector (Nova IVF, Indira IVF), the ART (Regulation) Act, dealing with societal pressures in Indian families, PCOS-related infertility, and semen analysis."
"IAB7-31","Men's Health","Information specific to male physical and mental wellness. Covers prostate health, male pattern baldness (androgenetic alopecia), erectile dysfunction, fitness supplements, and breaking the 'macho' stereotype to encourage men seeking mental health therapy."
"IAB7-32","Nutrition","Content focused on dietetics and healthy eating. Covers Indian macronutrient tracking, balancing vegetarian diets with adequate protein (paneer, soya, lentils), fortified foods, FSSAI regulations, and combating both malnutrition and urban obesity."
"IAB7-33","Orthopedics","Information on the musculoskeletal system. Covers bone health, Vitamin D/Calcium deficiencies widespread in India, joint replacements (knee/hip), spine surgeries, osteoporosis management, and sports injuries rehabilitation."
"IAB7-34","Panic/Anxiety Disorders","Content on managing severe anxiety and panic attacks. Discusses identifying triggers, cognitive behavioral therapy (CBT), anxiolytic medications, breathing techniques, and dealing with academic/corporate performance anxiety in India."
"IAB7-35","Pediatrics","Information regarding infant and child healthcare. Covers the Indian Academy of Pediatrics (IAP) immunization schedules, growth charting, childhood obesity, treating recurrent monsoon fevers (dengue, malaria), and pediatric nutrition."
"IAB7-36","Physical Therapy","Content on physiotherapy and rehabilitation. Covers post-operative care, neuro-rehabilitation, sports physiotherapy, ergonomic postural corrections for IT workers, and traditional Indian bone-setting practices transitioning to clinical physio."
"IAB7-37","Psychology/Psychiatry","Broad mental health professional resources. Covers clinical diagnosis, the DSM-5/ICD-11 frameworks, differences between psychologists and psychiatrists, the Mental Health Care Act of India, and the rising availability of online therapy platforms."
"IAB7-38","Senior Health","Information focused on geriatric care. Covers age-related ailments, fall prevention, managing multiple chronic medications (polypharmacy), dementia/Alzheimer's care, and comprehensive senior citizen health check-up packages in Indian diagnostic labs."
"IAB7-39","Sexuality","Content on sexual health, orientation, and education. Covers navigating sex education in India, safe sex practices, contraceptives (condoms, i-Pill), STD prevention, and the evolving discourse around LGBTQ+ health and rights post-Section 377 reading down."
"IAB7-40","Sleep Disorders","Information on insomnia, sleep apnea, and rest issues. Covers the impact of modern urban lifestyles, CPAP machines for obstructive sleep apnea (common due to obesity), sleep hygiene, and melatonin supplements in the Indian market."
"IAB7-41","Smoking Cessation","Guidance on quitting tobacco use. Highly relevant given the massive consumption of bidis, cigarettes, and smokeless tobacco (Gutka, Khaini) in India. Covers nicotine replacement therapy (NRT gums like Nicotex), national quitline services, and oral cancer risks."
"IAB7-42","Substance Abuse","Information on addiction recovery and rehabilitation. Covers de-addiction centers (Nasha Mukti Kendras), managing alcohol dependency, tackling the opioid/synthetic drug crisis (e.g., in Punjab), and counseling support groups like AA."
"IAB7-43","Thyroid Disease","Content regarding hypo- and hyper-thyroidism. Highly prevalent in Indian women. Covers TSH/T3/T4 blood tests, levothyroxine daily dosages (Thyronorm), dietary iodine, and managing weight fluctuations associated with thyroid imbalances."
"IAB7-44","Weight Loss","Information on obesity management and slimming. Covers diet plans (Keto, Intermittent Fasting), bariatric surgery, fitness apps (HealthifyMe), culturally adapted low-calorie Indian recipes, and breaking away from unregulated 'slimming pills'."
"IAB7-45","Women's Health","Comprehensive content on female-specific healthcare. Covers menstrual hygiene (sanitary pads, cups), PCOD/PCOS (highly prevalent in India), gynecology, menopause management, maternal mortality reduction, and breast/cervical cancer screenings."
"IAB8","Food & Drink","Comprehensive coverage of gastronomy, beverages, and culinary culture. In India, this spans diverse regional cuisines, street food culture, home cooking (ghar ka khana), the booming food delivery ecosystem (Zomato, Swiggy), FMCG food products, grocery commerce (Zepto, Blinkit), and culinary festivals."
"IAB8-1","American Cuisine","Content regarding US-origin food adapted to the Indian market. Covers the massive fast-food franchise ecosystem (McDonald's, Burger King, KFC), gourmet burger cafes in tier-1 cities, hot dogs, fried chicken, and the integration of localized variants like the McAloo Tikki."
"IAB8-2","Barbecues & Grilling","Information on grilled, roasted, and smoked foods. In the Indian context, this heavily features Tandoori cooking, live grill buffets (like Barbeque Nation, Absolute Barbecues), seekh kebabs, paneer tikka, charcoal grilling, and marinades using mustard oil and hung curd."
"IAB8-3","Cajun/Creole","Content focused on Louisianan and Southern US cuisine. While a niche segment in India, it covers specialized continental restaurants in metropolitan areas offering jambalaya, gumbo, cajun-spiced potato wedges, and blackened fish."
"IAB8-4","Chinese Cuisine","Information on the immensely popular 'Desi Chinese' or Indo-Chinese food culture. Covers street-side wok cooking, Hakka noodles, Gobi Manchurian, Schezwan fried rice, sweet corn soup, momos, and premium authentic Pan-Asian dining experiences in India."
"IAB8-5","Cocktails/Beer","Content concerning alcoholic beverages, mixology, and pub culture. Covers the Indian craft beer revolution (Bira 91, Toit), commercial lagers (Kingfisher), restobars, gin-and-tonic trends using Indian craft gins (Greater Than, Stranger & Sons), and nightlife drinking culture."
"IAB8-6","Coffee/Tea","Information on cafe culture and traditional hot beverages. Deeply ingrained in Indian daily life, covering street-side 'tapri' Masala Chai, South Indian filter coffee (kaapi) in brass tumblers, premium estate teas (Darjeeling, Assam), and the modern cafe chain ecosystem (Third Wave, Blue Tokai)."
"IAB8-7","Cuisine-Specific","Content dedicated to regional and traditional cuisines. Represents the vast Indian culinary diversity, including Punjabi dhabas (makki ki roti, butter chicken), Chettinad spices, Bengali seafood and mustard curries, Gujarati thalis, Awadhi biryanis, and Goan vindaloo."
"IAB8-8","Desserts & Baking","Information on sweets, confectionery, and baked goods. Covers traditional Indian mithai (Gulab Jamun, Kaju Katli, Rasgulla, Jalebi) highly sought after during Diwali and weddings, as well as the booming urban home-baking trend, patisseries, eggless cakes, and artisanal chocolates."
"IAB8-9","Dining Out","Content focused on restaurant discovery and eating out. Covers food reviews, cloud kitchens, fine dining, family restaurants, street food hubs (like Chandni Chowk or Khao Gali), table reservation platforms (Dineout, EazyDiner), and weekend culinary outings."
"IAB8-10","Food Allergies","Guidance on navigating dietary restrictions and hypersensitivities. Covers the growing awareness in India regarding celiac disease (gluten-free flours like ragi and besan replacing wheat), lactose intolerance, peanut allergies, and cross-contamination in commercial kitchens."
"IAB8-11","French Cuisine","Information on classic French culinary techniques and gastronomy. Focuses on premium European dining in major Indian cities, featuring authentic boulangeries, croissants, macarons, artisanal cheeses, and high-end culinary plating."
"IAB8-12","Health/Lowfat Cooking","Content regarding nutritious, calorie-conscious, and holistic eating. Covers the resurgence of Indian superfoods and millets (jowar, bajra, amaranth), cold-pressed oils, air-frying recipes, the Sattvic diet, keto-friendly Indian meals, and reducing refined sugar and trans-fats."
"IAB8-13","Italian Cuisine","Information on pasta, pizza, and Mediterranean cooking. Extremely popular in India, ranging from localized street-side sweet-corn pizzas to authentic Neapolitan wood-fired pizzerias, artisanal pasta making, risottos, and the widespread use of oregano and chili flakes."
"IAB8-14","Japanese Cuisine","Content concerning sushi, ramen, and Japanese gastronomy. A rapidly growing trend among urban Indian millennials, covering izakayas, tempura, matcha-flavored desserts, and the adaptation of vegetarian sushi rolls (using paneer or avocado)."
"IAB8-15","Mexican Cuisine","Information on Tex-Mex and traditional Mexican food. Highly compatible with the Indian palate due to shared flavor profiles (cumin, chili, coriander). Covers tacos, nachos with salsa and queso, burritos, fajitas, and guacamole."
"IAB8-16","Vegan","Content focused on strictly plant-based diets excluding all animal products. A growing urban lifestyle choice in India, covering dairy alternatives (almond/oat/soy milk), plant-based mock meats (GoodDot, Blue Tribe), vegan baking, and replacing traditional ghee with cold-pressed plant oils."
"IAB8-17","Vegetarian","Information concerning meat-free diets. Deeply rooted in Indian culture and religion. Covers 'Shudh Shakahari' (pure veg) dining, Jain food protocols (no onion, garlic, or root vegetables), plant-protein sources (paneer, dal, soya chunks), and expansive vegetarian thalis."
"IAB8-18","Wine","Content regarding viticulture, wine tasting, and pairings. Covers the emerging Indian wine industry centered in Nashik (Sula Vineyards, Fratelli, Grover Zampa), understanding grape varietals (Shiraz, Chenin Blanc), wine tourism, and pairing wines with spicy Indian food."
"IAB9","Hobbies & Interests","Comprehensive content covering personal pastimes, creative pursuits, and recreational activities. In India, this spans traditional cultural arts, the massive mobile gaming community, modern DIY crafting trends, literary pursuits, and the rapidly growing pop-culture fandom and creator economy."
"IAB9-1","Art/Technology","Content blending creative expression with digital tools. Covers the Indian generative AI art scene, digital illustrations on tablets, 3D printing in tech hubs like Bengaluru, the intersection of tech and design, and creating digital assets for gaming and animation."
"IAB9-2","Arts & Crafts","Information on manual crafting and decorative arts. Highly relevant in India, covering traditional arts (Rangoli, Kolam, Madhubani, Warli), terracotta pottery, paper crafts, DIY festive decorations (diyas and torans), and the thriving Instagram small-business craft community."
"IAB9-3","Beadwork","Content focused on creating items using beads and thread. Includes traditional Indian bead embroidery (Zardosi, Banjara tribal work), making mangalsutras, DIY imitation jewelry, and embellishing bridal lehengas and sarees with glass beads and sequins."
"IAB9-4","Birdwatching","Information regarding the observation and photography of avifauna. Covers ornithology enthusiasts visiting Indian sanctuaries (like Bharatpur, Chilika Lake, or Ranganathittu), spotting migratory birds, tracking monsoonal species like the Pied Cuckoo, and utilizing binoculars/telephoto lenses."
"IAB9-5","Board Games/Puzzles","Content on tabletop games and mental puzzles. Covers traditional Indian games like Carrom, Ludo (including its massive digital app presence like Ludo King), Snakes and Ladders (Moksha Patam), and the modern urban trend of board game cafes featuring strategy games."
"IAB9-6","Candle & Soap Making","Information on crafting handmade illuminants and organic toiletries. Covers the massive spike in DIY diya and scented candle making during Diwali, as well as artisanal cold-process soaps utilizing Ayurvedic ingredients like neem, sandalwood, and multani mitti."
"IAB9-7","Card Games","Content regarding playing cards and trick-taking games. Deeply embedded in Indian social culture, covering Teen Patti (Indian Flush) and Rummy (highly popular both in physical card parties during Diwali and on digital gaming apps like Junglee Rummy)."
"IAB9-8","Chess","Information on the strategy board game. Highlights India's historical connection as the birthplace of chess (Chaturanga), following Grandmasters like Viswanathan Anand and Praggnanandhaa, chess academies in Tamil Nadu, and online chess platforms."
"IAB9-9","Cigars","Content focused on premium cigar smoking and tobacco appreciation. A niche luxury hobby in India, covering Cuban imports, indigenous Trichy cigars, humidor maintenance, and cigar pairing events at elite clubs with single malt whiskies."
"IAB9-10","Collecting","Information on acquiring and curating specific items. Covers the Indian hobbyist market for vintage Bollywood posters, antique brassware, old matchbox labels, rare books, and the broader culture of preserving historical memorabilia."
"IAB9-11","Comic Books","Content regarding graphic novels and comic illustration. Covers the nostalgia of Indian comics (Amar Chitra Katha, Tinkle's Suppandi, Raj Comics' Nagraj), manga and anime fandoms, graphic novel publishing, and the massive popularity of Comic Con India."
"IAB9-12","Drawing/Sketching","Information on two-dimensional visual art using pencils, charcoal, or ink. Covers the massive popularity of Mandala art on Indian social media, portrait sketching, architectural drafting, and fundamental art education in hobby classes."
"IAB9-13","Freelance Writing","Content focused on independent journalism, content creation, and copywriting. Highlights the booming Indian gig economy, writing for digital media, SEO blogging, vernacular language translation, and navigating platforms like Upwork or Fiverr."
"IAB9-14","Genealogy","Information on tracing family ancestry and lineage. In India, this involves tracing gotras (clan lineages), utilizing historical Hindu genealogy registers maintained by Pandas at pilgrimage sites (like Haridwar), and preserving oral family histories."
"IAB9-15","Getting Published","Guidance for aspiring authors on releasing their work. Covers the Indian publishing industry (Penguin Random House India, Rupa), manuscript pitching, literary agents, the Jaipur Literature Festival, and the rise of self-publishing platforms like Notion Press."
"IAB9-16","Guitar","Content related to playing the acoustic, electric, or bass guitar. Covers learning Bollywood acoustic chord progressions, western classical training (Trinity College exams in India), guitar tabs, and integrating guitar with Indian classical music."
"IAB9-17","Home Recording","Information on DIY audio production and studio setups. Covers the indie music revolution in India, bedroom pop producers, podcast recording equipment (condenser mics, audio interfaces), mixing software (FL Studio, Logic Pro), and uploading to Spotify."
"IAB9-18","Investors & Patents","Content on hobbyist investing, startup incubation, and intellectual property. Fueled by the 'Shark Tank India' culture, covering angel investing for retail investors, filing patents with the Indian Patent Office, and entrepreneurial side-hustles."
"IAB9-19","Jewelry Making","Information on designing and crafting personal adornments. Covers the booming DIY and small business sector of oxidized silver jewelry, terracotta pieces, silk thread bangles, and creating imitation Kundan and Polki sets for the wedding season."
"IAB9-20","Magic & Illusion","Content regarding stage magic, sleight of hand, and mentalism. Covers the legacy of Indian street magic (Jadu) and legends like P.C. Sorcar, learning card tricks, illusionist performances, and the modern psychological illusionist community."
"IAB9-21","Needlework","Information on sewing, embroidery, and textile arts. Deeply rooted in Indian heritage, covering regional styles like Lucknowi Chikankari, Punjabi Phulkari, Bengali Kantha stitch, cross-stitching, and home tailoring using sewing machines."
"IAB9-22","Painting","Content focused on applying paint to canvas, paper, or walls. Covers working with watercolors, acrylics, and oils. Includes hobbyist workshops in Indian metros, canvas texturing, and traditional folk painting adaptations."
"IAB9-23","Photography","Information on capturing images using cameras. A massive hobby in India, covering DSLR/mirrorless gear, street photography in vibrant Indian bazaars, pre-wedding couple shoots, wildlife photography in national parks, and smartphone camera tips."
"IAB9-24","Radio","Content regarding amateur broadcasting and radio listening. Covers the Ham Radio (Amateur Radio) community in India, DXing (receiving distant signals), listening to nostalgic stations like Vividh Bharati, and community FM broadcasting."
"IAB9-25","Roleplaying Games","Information on tabletop roleplaying and live-action roleplay (LARP). Covers the growing niche of Dungeons & Dragons (D&D) campaigns in Indian metropolitan cities, Dungeon Master guides, dice collecting, and cosplay culture."
"IAB9-26","Sci-Fi & Fantasy","Content focused on speculative fiction and fantastical universes. Covers the massive Indian readership for mythological fantasy (like the Shiva Trilogy), sci-fi cinema (Kalki 2898 AD), fandom wikis, and world-building discussions."
"IAB9-27","Scrapbooking","Information on preserving personal history in decorated albums. Covers school memory projects, the massive urban trend of bullet journaling (bujo), utilizing washi tapes, calligraphy, and aesthetic stationary hauls."
"IAB9-28","Screenwriting","Guidance on writing scripts for film, television, and digital media. Covers pitching to Bollywood production houses, formatting scripts for OTT web series (Netflix/Prime India), character arcs, and aspirants targeting institutes like FTII."
"IAB9-29","Stamps & Coins","Content on philately (stamps) and numismatics (coins/currency). Covers collecting commemorative releases from India Post, preserving pre-independence British India coins, ancient dynastic currencies, and numismatic society exhibitions."
"IAB9-30","Video & Computer Games","Information on electronic gaming. A massive cultural force in India, covering mobile esports (BGMI, Free Fire), PC gaming (Valorant, CS:GO), console gaming (PlayStation, Xbox), gaming cafe culture, game streaming on YouTube, and hardware building."
"IAB9-31","Woodworking","Content regarding carpentry, carving, and building with wood. Covers DIY furniture making, restoring antique Indian teak/rosewood furniture, traditional carving techniques (like Saharanpur woodcraft), and the modern epoxy resin-wood art trend."
"IAB10","Home & Garden","Comprehensive content covering domestic living, property maintenance, and household lifestyle. In India, this encompasses everything from managing modern high-rise apartments in metros to maintaining independent bungalows, integrating Vastu Shastra principles, urban gardening, and seasonal home preparation (like monsoon waterproofing or summer cooling)."
"IAB10-1","Appliances","Content focused on white goods and household electronics. Covers essential Indian appliances such as RO water purifiers (Kent, Aquaguard), heavy-duty mixer grinders for masalas (Preethi, Sujata), wet grinders for idli/dosa batter, air conditioners (Voltas, Daikin) with voltage stabilizers, and top-load/front-load washing machines."
"IAB10-2","Entertaining","Information regarding hosting guests and domestic social events. Covers Indian house party culture, hosting festive gatherings (Diwali taash parties, Holi milans), Kitty parties, traditional housewarming ceremonies (Griha Pravesh), arranging buffet setups, and specialized serveware like copper handis and brass thalis."
"IAB10-3","Environmental Safety","Content on indoor health, hazard prevention, and sanitation. Highly relevant to urban India, covering HEPA air purifiers to combat high AQI/smog, RO water filtration for hard borewell water, mosquito repellents and nets (dengue/malaria prevention), termite treatments, and mold/dampness control during the monsoon."
"IAB10-4","Gardening","Information on cultivating domestic flora and urban horticulture. Covers the massive trend of balcony and terrace gardens in Indian apartments, growing auspicious plants (Tulsi, Money Plant), urban kitchen gardens (curry leaves, green chilies, coriander), using cocopeat, and terracotta pots."
"IAB10-5","Home Repair","Content regarding domestic maintenance and fixing structural or functional issues. Covers hiring local handymen via platforms like Urban Company, plumbing fixes for overhead water tanks, electrical rewiring, monsoon terrace waterproofing (using products like Dr. Fixit), and patching peeling wall putty."
"IAB10-6","Home Theater","Information on domestic audio-visual entertainment setups. Covers the integration of large smart TVs, soundbars, and surround sound systems in Indian living rooms. Includes acoustics for media rooms, setting up projectors for OTT binge-watching or IPL cricket matches, and smart home automation (Alexa/Google Home)."
"IAB10-7","Interior Decorating","Content focused on interior design, furnishings, and home aesthetics. Covers Indian interior design trends, integrating Vastu Shastra for spatial harmony, modular kitchen designs (Godrej Interio), traditional teakwood or cane furniture, ethnic furnishings (Jaipuri block prints, Kashmiri carpets), and brass decor artifacts."
"IAB10-8","Landscaping","Information on designing and maintaining outdoor property grounds. Covers maintaining lawns in independent houses or gated communities, installing gazebos, planting drought-resistant indigenous shrubs, setting up sprinkler systems, and utilizing regional stones (like Kota or Kadappa) for pathways."
"IAB10-9","Remodeling & Construction","Content regarding property renovation, civil work, and structural upgrades. Covers the Indian home construction ecosystem, hiring local contractors (thekedars), selecting building materials (Ambuja Cement, TMT bars), flooring choices (Italian marble, granite, vitrified tiles), and bathroom/kitchen overhauls."
"IAB11","Law, Gov't & Politics","Comprehensive coverage of the Indian judicial system, public administration, and political landscape. Encompasses the Supreme Court of India, parliamentary proceedings (Lok Sabha and Rajya Sabha), the Constitution of India, public policy making, federalism, civic duties, and the interplay between state and central governments."
"IAB11-1","Immigration","Content regarding visas, citizenship, and cross-border movement. In the Indian context, this heavily focuses on emigration of the Indian diaspora (NRIs) seeking US H-1B visas, Canadian Express Entry PR, or UK student visas. Also covers domestic policies like the Citizenship Amendment Act (CAA), OCI/PIO card regulations, and the Passport Seva system."
"IAB11-2","Legal Issues","Information on civil, criminal, and corporate law within the Indian justice system. Covers the transition from the Indian Penal Code (IPC) to the Bharatiya Nyaya Sanhita (BNS), family law (Hindu Marriage Act, Special Marriage Act), property disputes, Public Interest Litigations (PILs), consumer protection rights, and navigating the backlog in High Courts and District Courts."
"IAB11-3","U.S. Government Resources","Information regarding US federal services and policies relevant to the Indian demographic. Highly searched in India, covering USCIS guidelines for Indian IT professionals and students, US Embassy and Consulate visa appointments in cities like Delhi and Chennai, FATCA tax compliance for NRIs, and US-India bilateral geopolitical agreements."
"IAB11-4","Politics","Content focused on ideological debates, political parties, and governance. Covers the diverse, multi-party Indian political spectrum, including national parties (BJP, INC) and powerful regional factions (AAP, TMC, DMK). Discusses ideological movements, legislative bills, prime-time television political debates, and the socio-economic impacts of political maneuvering."
"IAB11-5","Campaigns & Elections","Information regarding the democratic electoral process. Details the massive logistical exercise conducted by the Election Commission of India (ECI), encompassing Electronic Voting Machines (EVMs), VVPATs, the Model Code of Conduct, Lok Sabha general elections, state assembly polls, political manifestos, anti-incumbency factors, and exit poll analysis."
"IAB12","News","Comprehensive coverage of current events, journalism, and breaking headlines. In the Indian context, this encompasses the massive television broadcasting sector (NDTV, Aaj Tak, Republic TV), high-circulation print dailies (Times of India, Dainik Jagran, The Hindu), digital-first news platforms (The Print, Newslaundry, Inshorts), and vernacular media covering political, economic, and social developments."
"IAB12-1","International News","Content focusing on global affairs, geopolitics, and foreign policy from an Indian perspective. Covers Ministry of External Affairs (MEA) diplomacy, bilateral relations (US-India ties, Indo-China border dynamics), cross-border security, international trade agreements, the vast NRI diaspora, global summits (G20, BRICS, UNGA), and international crises impacting the Indian economy."
"IAB12-2","National News","Information and reporting on domestic pan-India events and federal governance. Covers central government policies, Prime Minister's Office (PMO) initiatives, Parliament (Lok Sabha and Rajya Sabha) sessions, landmark Supreme Court of India verdicts, national general elections monitored by the ECI, central agency investigations (CBI, ED), and widespread socio-economic developments."
"IAB12-3","Local News","Content dedicated to state, district, city, and municipal-level reporting. Focuses on regional state politics (Vidhan Sabha elections), civic infrastructure and governance (BMC in Mumbai, BBMP in Bengaluru), regional law and order, city-specific monsoon or traffic alerts, state public service commissions, and hyper-local news heavily driven by regional vernacular dailies."
"IAB13","Personal Finance","Comprehensive content covering retail wealth management, individual savings, and personal economics. In India, this encompasses the retail banking sector, the rapid adoption of digital payments (UPI), managing household budgets, navigating inflation, and securing financial stability through regulated frameworks governed by the RBI and SEBI."
"IAB13-1","Beginning Investing","Guidance for first-time retail investors entering the Indian market. Covers foundational financial literacy, opening Demat and trading accounts via discount brokers (Zerodha, Groww, Upstox), understanding the power of compounding, starting micro-SIPs, transitioning from traditional savings to capital markets, and NIFTY 50 Index funds."
"IAB13-2","Credit/Debt & Loans","Information on borrowing, creditworthiness, and debt management. Covers tracking CIBIL/Experian credit scores, navigating retail credit offerings like home loans (SBI, HDFC) and personal loans, managing credit card EMIs, understanding how the RBI Repo Rate affects floating interest rates, and the rise of BNPL (Buy Now Pay Later) and NBFCs."
"IAB13-3","Financial News","Content reporting on capital markets, monetary policies, and corporate earnings. Focuses on Dalal Street updates, Bombay Stock Exchange (BSE) and National Stock Exchange (NSE) indices movements (Sensex, Nifty), RBI bi-monthly policy reviews, macro-economic indicators, and coverage from Indian financial media (Moneycontrol, Mint, CNBC TV18)."
"IAB13-4","Financial Planning","Strategic content for long-term wealth creation and asset allocation. Covers goal-based saving for major Indian life events (children's higher education, marriages), building emergency funds, calculating risk tolerance, family budget optimization, and seeking advice from SEBI-Registered Investment Advisors (RIAs)."
"IAB13-5","Hedge Fund","Information regarding pooled investment structures and alternative assets. In the Indian context, this focuses heavily on Alternative Investment Funds (AIFs) and Portfolio Management Services (PMS) tailored for High Net-Worth Individuals (HNIs) and institutional investors, utilizing complex arbitrage, long-short, and quantitative trading strategies."
"IAB13-6","Insurance","Content focused on risk management and financial protection. Covers the Indian insurance ecosystem regulated by IRDAI. Includes life insurance (traditional LIC endowment policies vs. pure term plans), comprehensive family health insurance (Mediclaim, cashless networks), motor vehicle insurance (third-party liability vs. own damage), and claim settlement ratios."
"IAB13-7","Investing","Broad coverage of various investment asset classes beyond standard equity. Highly relevant to traditional Indian wealth building, covering physical gold vs. Sovereign Gold Bonds (SGBs), real estate investments (REITs), corporate fixed deposits, non-convertible debentures (NCDs), and government-backed Post Office savings schemes."
"IAB13-8","Mutual Funds","Information on professionally managed investment funds. A massively popular wealth-creation tool in India, covering Systematic Investment Plans (SIPs), Asset Management Companies (AMCs) governed by AMFI, active vs. passive (index) funds, direct vs. regular plans, Net Asset Value (NAV), and categories across large-cap, mid-cap, and debt funds."
"IAB13-9","Options","Content regarding financial derivatives and speculative trading. Covers the highly active Indian Futures and Options (F&O) market. Includes trading Call (CE) and Put (PE) options, Nifty and Bank Nifty weekly expiries, understanding lot sizes, SEBI margin requirements, option Greeks (Delta, Theta), and hedging strategies."
"IAB13-10","Retirement Planning","Information on securing financial independence post-employment. Covers the traditional Indian retirement pillars: Employees' Provident Fund (EPFO), Public Provident Fund (PPF), and the National Pension System (NPS). Also includes the Senior Citizen Savings Scheme (SCSS), gratuity calculations, and building a post-retirement annuity corpus."
"IAB13-11","Stocks","Content strictly focused on direct equity investments and corporate shares. Covers evaluating company fundamentals, dividend yields, participating in Initial Public Offerings (IPOs) (such as the recent surge in Indian startup listings), retail stockbroking, holding periods, blue-chip vs. penny stocks, and the T+1 settlement cycle."
"IAB13-12","Tax Planning","Information on tax liabilities, exemptions, and filing. Crucial for the Indian salaried class, covering the Income Tax Act of 1961, choosing between the Old vs. New Tax Regime, utilizing Section 80C deductions (ELSS, PPF, Life Insurance), Section 80D (health insurance), calculating Capital Gains Tax (LTCG/STCG), filing ITR returns, and managing TDS."
"IAB14","Society","Comprehensive content concerning Indian sociology, demographics, and cultural dynamics. Covers shifting societal norms, the transition from traditional multi-generational joint families to modern urban nuclear setups, community values, urbanization, social reforms, civic duties, and the blending of heritage with globalization in modern India."
"IAB14-1","Dating","Content focused on modern romance and courtship. Covers the evolution of dating in India, the massive adoption of dating apps (Bumble, Tinder, Hinge) in tier-1 and tier-2 cities, navigating conservative family boundaries, urban casual dating versus serious courtships, and the emerging concept of 'arranged-cum-love' relationships."
"IAB14-2","Divorce Support","Information regarding legal separation and navigating life post-marriage. Covers the Hindu Marriage Act, mutual consent divorce procedures, alimony and child custody settlements, breaking the deeply entrenched social stigma surrounding divorce in Indian society, single parenting challenges, and seeking legal/psychological counseling."
"IAB14-3","Gay Life","Content focused on LGBTQ+ culture, rights, and lifestyle. Covers the Indian queer movement post the decriminalization of Section 377, Pride marches in metropolitan cities (Delhi, Mumbai, Bengaluru), LGBTQ+ representation in media, the complexities of 'coming out' in traditional Indian households, and queer advocacy."
"IAB14-4","Marriage","Information on the institution of matrimony and domestic partnerships. Covers the traditional Indian arranged marriage ecosystem, the booming digital matrimonial platforms (Shaadi, Jeevansathi, BharatMatrimony), Kundali/horoscope matching (astrological compatibility), and navigating inter-caste and inter-faith marriages under the Special Marriage Act."
"IAB14-5","Senior Living","Content focused on the aging population and geriatric lifestyle. Covers the cultural ethos of filial piety (caring for elderly parents), the rising urban trend of premium assisted living and retirement communities (like Antara), senior citizen social clubs, managing the 'empty-nest' syndrome, and post-retirement community engagement."
"IAB14-6","Teens","Information concerning adolescent life and youth culture. Covers the unique pressures faced by Indian teenagers, balancing immense academic expectations (Board exams, coaching classes) with digital social lives, navigating puberty, addressing the generation gap with traditional parents, and the heavy influence of internet pop culture."
"IAB14-7","Weddings","Content dedicated to the massive 'Big Fat Indian Wedding' industry. Covers elaborate multi-day pre-wedding rituals (Haldi, Mehendi, Sangeet), diverse regional ceremonies (Punjabi Anand Karaj, South Indian Muhurtham), bridal trousseau shopping (lehengas, Kanjeevaram sarees), destination weddings (Rajasthan palaces, Goa), and event logistics."
"IAB14-8","Ethnic Specific","Information related to specific Indian communities, castes, and regional ethnicities. Covers the vast diversity of Indian linguistic, religious, and cultural sub-groups, indigenous tribal heritage (Adivasis), preserving minority languages, regional festivals, caste-based sociological dynamics, and the socio-economic empowerment of marginalized communities."
"IAB15","Science","Comprehensive coverage of the STEM (Science, Technology, Engineering, and Mathematics) ecosystem in India. Encompasses scientific research, academic breakthroughs, and national institutions like CSIR, DRDO, and IISc. Covers funding policies, scientific temper, R&D investments, and India's growing footprint in global scientific literature and innovation."
"IAB15-1","Astrology","Content focused on celestial divination and horoscopes. Deeply embedded in Indian culture, covering Vedic astrology (Jyotish Shastra), Kundali matching for marriages, the Panchang (Hindu calendar), Navagraha (nine planets) influences, gemstone recommendations, and the booming ecosystem of Indian digital astrology platforms like Astrotalk."
"IAB15-2","Biology","Information regarding life sciences, living organisms, and biodiversity. Covers India’s rich ecological hotspots (Western Ghats, Himalayas), zoological research, ICMR's biomedical breakthroughs, genetics, microbiology, and the burgeoning Indian biotech industry spearheaded by companies like Biocon and the Serum Institute."
"IAB15-3","Chemistry","Content on chemical sciences, matter, and chemical engineering. Highly relevant to India’s massive industrial sectors, covering pharmaceutical API (Active Pharmaceutical Ingredient) manufacturing, agro-chemicals (fertilizers like those from IFFCO), petrochemicals in Gujarat, polymer sciences, and historical traditional chemistry (Rasashastra)."
"IAB15-4","Geology","Information concerning earth sciences, solid earth structures, and rock formations. Covers the Geological Survey of India (GSI), the mineral-rich mining belts of Odisha and Jharkhand (coal, iron ore), the volcanic basalt of the Deccan Traps, and the high-risk seismic fault lines along the Himalayan region."
"IAB15-5","Paranormal Phenomena","Content regarding supernatural occurrences and unexplainable events. In the Indian context, this covers urban legends, haunted historical sites (like Bhangarh Fort or Kuldhara), local superstitions, investigations into black magic (Kala Jadu), folklore regarding spirits (Bhoot/Pret), and regional mythological mysteries."
"IAB15-6","Physics","Information on matter, energy, and physical laws. Covers theoretical and applied physics in India, atomic research at the Bhabha Atomic Research Centre (BARC), contributions of legends like C.V. Raman (Raman Effect) and S.N. Bose, quantum computing research at TIFR, and the Indian semiconductor mission."
"IAB15-7","Space/Astronomy","Content focused on astrophysics, cosmos exploration, and celestial science. Dominated by the Indian Space Research Organisation (ISRO), covering landmark missions (Chandrayaan lunar rovers, Mangalyaan, Gaganyaan), satellite launches from Sriharikota, ancient observatories (Jantar Mantar), and amateur telescope viewing."
"IAB15-8","Geography","Information regarding physical environments, topographies, and human spatial structures. Covers India's diverse physical features—the Himalayan ranges, the Thar Desert, the Indo-Gangetic plains, and the peninsular plateau—along with major river systems (Ganga, Brahmaputra, Godavari) and the Survey of India's cartography."
"IAB15-9","Botany","Content on plant sciences and flora. Highly significant in India due to traditional Ayurvedic medicine, covering medicinal botanicals (Neem, Tulsi, Ashwagandha), agricultural crop science by ICAR (Indian Council of Agricultural Research), endemic plant conservation, and research at historic botanical gardens (like the AJCB Indian Botanic Garden in Howrah)."
"IAB15-10","Weather","Information concerning meteorology, climate patterns, and atmospheric conditions. Critical to India’s agrarian economy, covering the India Meteorological Department (IMD) forecasts, the Southwest Monsoon tracking, extreme heatwaves in North India (Loo), cyclonic storms in the Bay of Bengal, and severe urban smog/AQI fluctuations."
"IAB16","Pets","Comprehensive content covering animal companionship, domestic pets, and the rapidly growing Indian pet care ecosystem. Encompasses pet adoption drives, animal welfare NGOs (like Blue Cross of India and PFA), the booming market for premium pet food and accessories (Drools, Heads Up For Tails), pet grooming spas in metropolitan cities, and responsible pet ownership."
"IAB16-1","Aquariums","Information regarding ornamental fish keeping, aquascaping, and home aquariums. Covers the Indian hobbyist market for freshwater species (Guppies, Goldfish, Arowanas, Flowerhorns), setup and maintenance of glass tanks, aquatic plants, biological filtration pumps, and Vastu Shastra principles related to placing aquariums for positive energy and prosperity."
"IAB16-2","Birds","Content focused on avian companionship and captive bird care. Includes information on exotic pet birds legally permitted in India (such as Budgerigars, Cockatiels, and Lovebirds), bird cage setups, specialized seed mixes, avian health, and strict compliance with the Wildlife Protection Act (which bans keeping indigenous Indian birds like parrots or munias)."
"IAB16-3","Cats","Information concerning feline pets and cat care. Covers the rising urban popularity of adopting indie cats (Indian billi) alongside purebreds (Persians, Siamese, Maine Coons), feline nutrition (Whiskas, Royal Canin), litter box training (bentonite/tofu litter), spaying and neutering, managing shedding in the Indian climate, and the cultural emergence of cat cafes."
"IAB16-4","Dogs","Comprehensive content on canine companionship and dog welfare. Covers adopting Indian pariah dogs (indies) versus acquiring popular breeds (Labradors, Golden Retrievers, German Shepherds), dog training, Kennel Club of India (KCI) registrations, combating tick and flea issues during the Indian monsoon, and mandatory canine vaccination schedules (Rabies, Parvovirus, DHPPi)."
"IAB16-5","Large Animals","Information regarding the care and management of livestock and equines. In the Indian context, this heavily encompasses rural animal husbandry, dairy cattle management (cows, water buffaloes), equine care for equestrian clubs or traditional wedding horses (Ghodi), stable maintenance, and specialized veterinary needs for large farm animals and draft animals."
"IAB16-6","Reptiles","Content focused on keeping cold-blooded exotic pets. A very niche segment in India heavily regulated by the Wildlife Protection Act, covering legally permitted exotic reptiles (such as specific non-native turtles or iguanas), terrarium climate control (UVB heat lamps, humidity management), and specialized captive diets."
"IAB16-7","Veterinary Medicine","Information on animal healthcare, veterinary sciences, and clinical treatments. Covers local private veterinary clinics, government animal hospitals, deworming protocols, managing tick-borne diseases (tick fever), zoonotic disease prevention, emergency pet surgeries, and the expanding digital market for tele-vet consultations in India."
"IAB17","Sports","Comprehensive coverage of athletic competitions, physical fitness events, and sports broadcasting. In India, this is dominated by Cricket (BCCI), but heavily features the Pro Kabaddi League (PKL), Badminton (PV Sindhu, Thomas Cup), grassroots initiatives like Khelo India, and massive viewership on platforms like Star Sports, JioCinema, and Dream11."
"IAB17-1","Auto Racing","Content regarding motorsport and competitive driving. Covers the Indian motorsport ecosystem, including the Buddh International Circuit (BIC), the introduction of MotoGP Bharat, Formula E in Hyderabad, rally racing (INRC), and the growing urban fanbase for Formula 1 and Max Verstappen."
"IAB17-2","Baseball","Information on baseball leagues and gameplay. A highly niche sport in India, content primarily focuses on Major League Baseball (MLB) broadcasts for international sports enthusiasts, NRI communities, and grassroots development by platforms like Million Dollar Arm."
"IAB17-3","Bicycling","Content focused on cycling, both competitive and recreational. Covers the urban Indian cycling boom, track cycling at the velodrome, long-distance brevets (Audax India), the Tour de France viewership on Eurosport, and cycling clubs in metropolitan cities advocating for dedicated cycle lanes."
"IAB17-4","Bodybuilding","Information regarding muscle hypertrophy and physique competitions. Deeply embedded in Indian gym culture, covering regional events like Mr. India, the Sheru Classic, dietary supplements (whey protein, creatine), indigenous Akhara (pehlwani) training, and a massive fitness influencer ecosystem."
"IAB17-5","Boxing","Content on pugilism and amateur/professional boxing. A major Olympic medal-contributing sport for India, highlighting hubs like Haryana and the North East. Covers legends like Mary Kom and Vijender Singh, the Boxing Federation of India (BFI), and global heavyweight championship broadcasts."
"IAB17-6","Canoeing/Kayaking","Information on paddle sports and river navigation. Covers the growing adventure tourism sector in India, particularly white-water rafting and kayaking in Rishikesh (Ganges), Zanskar (Ladakh), and Kolad (Maharashtra), as well as national rowing championships."
"IAB17-7","Cheerleading","Content regarding organized cheering and acrobatic routines. In the Indian context, this is heavily associated with the Indian Premier League (IPL) entertainment ecosystem, featuring squad performances between cricket overs, rather than competitive scholastic cheerleading."
"IAB17-8","Climbing","Information on rock climbing, bouldering, and mountaineering. Highlights the booming indoor bouldering gyms in Indian metros (Bengaluru, Delhi), Himalayan mountaineering expeditions (Nehru Institute of Mountaineering), and sport climbing's introduction to the Olympics."
"IAB17-9","Cricket","Unquestionably the most dominant sport in India. Covers the Board of Control for Cricket in India (BCCI), the massive Indian Premier League (IPL) and Women's Premier League (WPL), international ICC tournaments, legends like Virat Kohli and MS Dhoni, domestic Ranji Trophy, and fantasy sports (Dream11)."
"IAB17-10","Figure Skating","Content focused on competitive ice skating. A highly niche winter sport in India, heavily focused on international Winter Olympics broadcasts, with minimal domestic participation outside of specialized rinks in cities like Dehradun and Gulmarg."
"IAB17-11","Fly Fishing","Information on angling using artificial flies. In India, this is a niche recreational activity centered around Himalayan trout fishing in streams across Himachal Pradesh (Tirthan Valley) and Kashmir, attracting eco-tourists and elite angling hobbyists."
"IAB17-12","Football","Content strictly regarding American Football (Gridiron). While niche, it covers the growing viewership of the NFL Super Bowl in urban India, broadcast on Star Sports, and minor developmental efforts by the Elite Football League of India (EFLI)."
"IAB17-13","Freshwater Fishing","Information on inland angling and fishing. Covers both commercial inland aquaculture (Rohu, Katla, and Mahseer) and recreational sport fishing in Indian lakes and rivers (like the Cauvery basin), regulated by local state fisheries departments."
"IAB17-14","Game and Fish","Content concerning wildlife management, hunting regulations, and fishing. In India, sport hunting is strictly banned under the Wildlife Protection Act of 1972. Content primarily focuses on anti-poaching, forest department conservation efforts, and strictly regulated catch-and-release fishing."
"IAB17-15","Golf","Information on golf courses, equipment, and professional tours. Covers the Indian elite corporate golfing culture, premium golf clubs (Delhi Golf Club, KGA), Indian pros like Anirban Lahiri and Aditi Ashok, and the Professional Golf Tour of India (PGTI)."
"IAB17-16","Horse Racing","Content regarding equestrian racing and betting. A historic, legalized betting sport in India, covering prestigious events like the Indian Derby at the Mahalaxmi Racecourse (Mumbai), Guindy (Chennai), and the Bangalore Turf Club, catering to elite punters."
"IAB17-17","Horses","Information on equestrianism, horse care, and polo. Covers the prestigious Indian Polo Association, heritage cavalry regiments (61st Cavalry), Marwari horse breeding in Rajasthan, and elite equestrian clubs in metropolitan cities teaching show jumping."
"IAB17-18","Hunting/Shooting","Content focused on competitive marksmanship. A highly successful Olympic discipline for India. Covers the National Rifle Association of India (NRAI), 10m air rifle/pistol events, legends like Abhinav Bindra and Manu Bhaker, and grassroots shooting academies."
"IAB17-19","Inline Skating","Information on rollerblading and competitive skating. Covers the growing popularity of speed skating among Indian school children, roller hockey events governed by the Roller Skating Federation of India (RSFI), and urban skate parks."
"IAB17-20","Martial Arts","Content regarding combat sports and self-defense. Covers traditional Indian arts (Kalaripayattu, Kushti/wrestling), alongside the massive youth appeal of Mixed Martial Arts (MMA), UFC broadcasts, Taekwondo, Karate, and Judo training in schools."
"IAB17-21","Mountain Biking","Information on off-road cycling over rough terrain. Highlights the MTB Himalaya rally, downhill cycling in the Western Ghats (Pune, Kerala), and the growing urban demographic purchasing high-end gear (Trek, Scott) for weekend trail riding."
"IAB17-22","NASCAR Racing","Content focused on the American stock car racing series. Highly niche in India, catering to die-hard motorsport fans through OTT platforms, focusing on the Daytona 500 and the engineering aspects of stock car aerodynamics."
"IAB17-23","Olympics","Information on the Summer and Winter Olympic Games. A massive source of national pride in India, focusing on track and field (Neeraj Chopra's Javelin), Wrestling, Weightlifting, the Indian Olympic Association (IOA), and the Khelo India scheme grooming future medalists."
"IAB17-24","Paintball","Content regarding the competitive team shooting sport. In India, this is primarily recognized as a popular weekend recreational activity, corporate team-building exercise, and adventure park attraction in tier-1 cities."
"IAB17-25","Powerboats","Information on motorized aquatic racing. A niche water sport in India, primarily associated with high-end luxury marine lifestyle, speed boat tourism in Goa and the Andaman Islands, and the F1 Powerboat World Championship broadcasts."
"IAB17-26","Pro Basketball","Content on professional basketball leagues. Covers the massive urban youth following of the NBA in India, merchandise (sneaker culture), the Indian National Basketball League (INBL), and the NBA India Games hosted in Mumbai."
"IAB17-27","Pro Ice Hockey","Information regarding professional ice hockey. A niche winter sport in India, with domestic activity restricted to the Ice Hockey Association of India (IHAI) conducting regional tournaments in the freezing climates of Ladakh and Spiti."
"IAB17-28","Rodeo","Content on competitive equestrian sports involving cattle/horses. A Western hemisphere sport with virtually no domestic equivalent in India, though traditionally compared to the highly controversial and heavily regulated Jallikattu (bull-taming) in Tamil Nadu."
"IAB17-29","Rugby","Information on rugby union and league. A growing grassroots sport in India, supported by the Indian Rugby Football Union (Rugby India), focusing heavily on tribal and rural youth empowerment in states like Odisha and West Bengal."
"IAB17-30","Running/Jogging","Content focused on recreational running, marathons, and track. A massive urban fitness trend in India, covering the Tata Mumbai Marathon, Vedanta Delhi Half Marathon, Pinkathon, and the widespread adoption of fitness trackers and running clubs (like Nike Run Club)."
"IAB17-31","Sailing","Information on navigating wind-powered watercraft. Covers the Yachting Association of India (YAI), elite sailing clubs (like the Royal Bombay Yacht Club), regattas, and India's participation in sailing events at the Asian Games."
"IAB17-32","Saltwater Fishing","Content on marine deep-sea angling. Covers India's vast coastline, traditional coastal fishing communities, and the emerging niche of deep-sea sport fishing (for Marlin and Tuna) off the coasts of the Andaman Islands, Goa, and Chennai."
"IAB17-33","Scuba Diving","Information on underwater diving and marine exploration. A booming adventure tourism sector in India, heavily focused on PADI certifications in the Andaman and Nicobar Islands (Havelock), Lakshadweep, and Netrani Island (Karnataka)."
"IAB17-34","Skateboarding","Content regarding riding skateboards and skate culture. An emerging urban subculture in India, covering localized skate parks (like Play Arena in Bengaluru or Janwaar Castle in MP), street fashion, and its induction into the Olympics."
"IAB17-35","Skiing","Information on traveling over snow on skis. Covers the Indian winter sports tourism sector, particularly in Gulmarg (Kashmir), Auli (Uttarakhand), and Manali, alongside India's participation in international alpine skiing events."
"IAB17-36","Snowboarding","Content on descending a snow-covered slope on a snowboard. A niche winter extreme sport in India, slowly gaining traction among affluent adventure tourists frequenting the Himalayan slopes in Gulmarg and international ski resorts."
"IAB17-37","Surfing/Bodyboarding","Information on riding waves using a board. A rapidly growing coastal subculture in India, centered around surf schools in Covelong/Kovalam (Tamil Nadu), Mahabalipuram, Varkala (Kerala), and the Surfing Federation of India."
"IAB17-38","Swimming","Content regarding competitive aquatic locomotion. Covers the Swimming Federation of India (SFI), urban club swimming, fitness lap swimming, and the struggle to build accessible Olympic-sized pools for grassroots competitive training."
"IAB17-39","Table Tennis/Ping-Pong","Information on the indoor racket sport. A highly popular recreational and competitive sport in India, covering the Ultimate Table Tennis (UTT) league, and international medalists like Sharath Kamal and Manika Batra."
"IAB17-40","Tennis","Content on the court-based racket sport. Covers the All India Tennis Association (AITA), legends like Rohan Bopanna, Sania Mirza, and Leander Paes, the Tata Open Maharashtra, and massive viewership for Grand Slams (Wimbledon, Roland Garros)."
"IAB17-41","Volleyball","Information on the team sport played over a net. Extremely popular at the grassroots and rural levels in India (especially in Kerala and Punjab), covering the Prime Volleyball League (PVL) and national federation tournaments."
"IAB17-42","Walking","Content focused on competitive racewalking and recreational walking. Covers India's Olympic racewalking contingent, and the massive cultural practice of 'morning walks' in local parks (like Lodhi Gardens or Cubbon Park) for daily cardiovascular fitness."
"IAB17-43","Waterski/Wakeboard","Information on surface water sports towed by a boat. A niche adventure activity in India, available primarily at premium beach resorts in Goa, coastal Karnataka, and specialized cable-ski parks for adventure enthusiasts."
"IAB17-44","World Soccer","Content regarding Association Football. The second most popular sport in India. Covers the All India Football Federation (AIFF), Indian Super League (ISL), massive domestic fanbases for the English Premier League (EPL), La Liga, and historic rivalries like Mohun Bagan vs. East Bengal."
"IAB18","Style & Fashion","Comprehensive content regarding personal aesthetics, apparel trends, and the lifestyle industry. In India, this spans the fusion of traditional ethnic wear with western silhouettes, the booming fashion e-commerce sector (Myntra, Ajio, Tata CLiQ), local haute couture (Sabyasachi, Manish Malhotra), wedding trousseaus, and India's vast textile heritage."
"IAB18-1","Beauty","Content focused on cosmetics, skincare, and grooming. Covers the massive Indian beauty and personal care (BPC) ecosystem (Nykaa, Lakmé, Sugar), Ayurvedic and botanical skincare (Forest Essentials, Kama Ayurveda), bridal makeup regimens, traditional haircare (amla/bhringraj oils), and the transition toward inclusive, melanin-friendly color cosmetics."
"IAB18-2","Body Art","Information on skin modifications, tattoos, and temporary adornments. Deeply rooted in Indian culture through traditional Henna (Mehendi) application during weddings, Karwa Chauth, and Eid. Also covers the surging urban popularity of permanent ink studios in tier-1 cities, traditional religious tattoos (Pachabottu), and cultural piercings (nose/septum rings)."
"IAB18-3","Fashion","Content regarding couture, seasonal design trends, and the fashion industry ecosystem. Covers marquee events like Lakmé Fashion Week, high-street fashion, Bollywood-inspired 'airport looks', the sustainable handloom revival (Khadi, Chanderi, Ikat), and the heavy influence of Indian fashion bloggers and Instagram creators on Gen-Z styling."
"IAB18-4","Jewelry","Information on precious ornaments and adornments. A massive cultural and economic pillar in India. Covers physical gold acquisition (22K BIS Hallmark), intricate bridal collections (Kundan, Polki, Jadau, Meenakari), South Indian temple jewelry (Tanishq, Malabar Gold), auspicious mangalsutras, and the booming market for imitation and oxidized silver jewelry."
"IAB18-5","Clothing","Content focused on specific garments, textiles, and everyday wear. Covers traditional Indian ethnic attire (Kanjeevaram and Banarasi sarees, kurtas, lehengas, sherwanis, salwar kameez) alongside the massive urban consumption of western fast fashion (Zara, H&M) and affordable street-shopping hubs (Sarojini Nagar, Commercial Street)."
"IAB18-6","Accessories","Information regarding wearable items that complement apparel. Covers traditional Indian accessories (bindis, glass bangles, matha pattis, potli bags, and dupattas), ethnic regional footwear (Punjabi juttis, Rajasthani mojaris, Kolhapuris), alongside modern western handbags, polarized sunglasses, premium analog watches, and leather belts."
"IAB19","Technology & Computing","Comprehensive content covering the massive Indian IT industry, consumer electronics, and digital infrastructure. Encompasses the Digital India initiative, the booming SaaS and startup ecosystem (Bengaluru, Hyderabad), massive smartphone and mobile internet penetration (Jio/Airtel 5G), enterprise software services (TCS, Infosys, Wipro), and the rapid adoption of digital public infrastructure (UPI, Aadhaar)."
"IAB19-1","3-D Graphics","Content regarding three-dimensional rendering, modeling, and computer-generated imagery (CGI). Covers the Indian VFX industry (such as Red Chillies VFX), 3D asset creation for gaming, architectural visualization in real estate, and utilizing software like Blender, Maya, and AutoCAD in engineering hubs."
"IAB19-2","Animation","Information on digital animation, motion graphics, and character design. Covers the Indian animation outsourcing industry, domestic animated IP (like Chhota Bheem), 2D/3D multimedia training institutes (Arena Animation, MAAC), and the growing demand for explainer videos and UI micro-interactions."
"IAB19-3","Antivirus Software","Content focused on endpoint security and malware protection. Highly relevant in addressing Indian cyber threats (Jamtara phishing, banking trojans, ransomware). Covers popular domestic and global software (Quick Heal, K7 Computing, Norton, McAfee), firewalls, and PC optimization tools."
"IAB19-4","C/C++","Information regarding foundational systems programming languages. Deeply embedded in the Indian academic curriculum (B.Tech Computer Science), covering data structures and algorithms (DSA) preparation for tech placements, legacy system maintenance, and embedded systems engineering."
"IAB19-5","Cameras & Camcorders","Content on digital photography equipment and videography gear. Covers the massive Indian wedding photography market, DSLR and mirrorless cameras (Sony Alpha, Canon, Nikon), vlogging setups, action cameras (GoPro) for motovloggers, and photography gear rentals."
"IAB19-6","Cell Phones","Information concerning the massive Indian smartphone market. Covers mobile OEMs (Xiaomi, Samsung, Realme, Apple), 'Make in India' domestic manufacturing (Foxconn, Dixon), the rapid rollout of 5G infrastructure, budget feature phones, and the hyper-competitive telecom sector (Jio, Airtel)."
"IAB19-7","Computer Certification","Content focused on professional IT credentials and upskilling. Crucial for career advancement in the Indian IT sector. Covers cloud certifications (AWS Solutions Architect, Azure), networking (Cisco CCNA), cybersecurity (CEH), and the vast ecosystem of tech coaching hubs (like Ameerpet in Hyderabad)."
"IAB19-8","Computer Networking","Information on digital telecommunications and IT infrastructure. Covers enterprise LAN/WAN setups in corporate tech parks, optical fiber rollouts (BharatNet), Wi-Fi routers (TP-Link, D-Link), ISP configurations, switching, and transitioning to IPv6 in the Indian digital backbone."
"IAB19-9","Computer Peripherals","Content regarding external hardware devices and input/output components. Covers the booming Indian PC gaming peripheral market (mechanical keyboards, high-DPI mice), webcams for remote work, monitors, external hard drives, and affordable localized brands (Zebronics, iBall, boAt)."
"IAB19-10","Computer Reviews","Information focused on hardware benchmarking, product comparisons, and unboxing. Driven by popular Indian tech YouTubers and bloggers, focusing on processor specs (Intel, AMD Ryzen), price-to-performance ratios for budget Indian consumers, thermal throttling in the Indian climate, and buying guides."
"IAB19-11","Data Centers","Content on server hosting facilities and enterprise IT infrastructure. Covers the booming Indian data center industry (Yotta, CtrlS, Nxtra) concentrated in Navi Mumbai and Chennai, driven by the Digital Personal Data Protection (DPDP) Act, data localization mandates, and cloud computing growth."
"IAB19-12","Databases","Information regarding data management systems and architecture. Covers relational databases (SQL, Oracle) managing massive Indian enterprise architectures, NoSQL (MongoDB), big data analytics, and the backend infrastructure powering high-volume systems like UPI and the Aadhaar registry."
"IAB19-13","Desktop Publishing","Content on digital typesetting and page layout software. Covers the ubiquitous Indian DTP centers, the heavy reliance on CorelDRAW for regional language flex banners and wedding card printing, Adobe InDesign for publishing, and vernacular typography design."
"IAB19-14","Desktop Video","Information on video editing software and post-production. Covers the massive creator economy in India, utilizing Adobe Premiere Pro, Final Cut Pro, and DaVinci Resolve. Includes color grading, rendering rigs, and editing workflows for YouTube vlogs and Instagram Reels."
"IAB19-15","Email","Content focused on electronic mail protocols and clients. Covers corporate communication (Microsoft Outlook, Google Workspace), managing cold emailing campaigns for Indian B2B SaaS startups, spam filtering, phishing awareness, and mass email marketing strategies."
"IAB19-16","Graphics Software","Information on raster and vector image editing tools. Covers the widespread use of Adobe Creative Cloud (Photoshop, Illustrator) in Indian design agencies, UI/UX design (Figma) adoption in tech startups, photo retouching in local photo studios, and digital illustration."
"IAB19-17","Home Video/DVD","Content regarding physical home media and digital ripping software. Historically relevant for Bollywood DVD consumption, currently focusing on media servers (Plex), format conversion utilities (HandBrake), home theater PCs (HTPC), and the transition to OTT digital streaming."
"IAB19-18","Internet Technology","Broad coverage of web protocols, infrastructure, and backend architecture. Covers Content Delivery Networks (Cloudflare), web hosting (HostGator India, GoDaddy), domain registration (.in / .co.in), broadband connectivity (FTTH), and internet governance in India."
"IAB19-19","Java","Information on the object-oriented programming language. The absolute backbone of the Indian IT services industry (WITCH companies). Covers enterprise application development, Spring Boot frameworks, massive corporate hiring drives for Java developers, and backend legacy systems."
"IAB19-20","JavaScript","Content focused on the core scripting language of the web. Highly relevant to India's startup ecosystem, covering frontend frameworks (React, Angular, Vue), backend development (Node.js), MERN/MEAN stack developers, and web application performance optimization."
"IAB19-21","Mac Support","Information on Apple's macOS ecosystem and troubleshooting. Covers the growing adoption of MacBooks in Indian IT startups and design agencies, authorized service centers (Imagine, Unicorn), macOS updates, cross-platform compatibility, and enterprise device management."
"IAB19-22","MP3/MIDI","Content regarding digital audio formats and digital audio workstations (DAWs). Covers independent music production (bedroom producers) in India, MIDI controllers, audio compression, podcast recording setups, and the historical evolution of Bollywood digital music distribution."
"IAB19-23","Net Conferencing","Information on video communication and virtual meeting platforms. The lifeline of India's global offshore delivery model and remote IT workforce. Covers Zoom, Microsoft Teams, Google Meet, web conferencing etiquette, and overcoming low-bandwidth internet challenges."
"IAB19-24","Net for Beginners","Content focused on digital literacy and basic internet navigation. Critical for onboarding the next billion Indian users. Covers the PMGDISHA scheme, navigating smartphones, using WhatsApp securely, digital payment (UPI) onboarding for senior citizens, and recognizing basic online scams."
"IAB19-25","Network Security","Information on protecting digital infrastructure and cyber defense. Covers the Indian Computer Emergency Response Team (CERT-In) guidelines, VPNs, setting up corporate firewalls, DDOS mitigation, Zero Trust architecture, and securing Indian banking networks against cyber-attacks."
"IAB19-26","Palmtops/PDAs","Content regarding historical handheld computing and its modern equivalents. While traditional PDAs are obsolete, this maps to the enterprise use of rugged tablets and handheld point-of-sale (POS) devices utilized heavily in Indian logistics (Delhivery), warehousing, and retail inventory management."
"IAB19-27","PC Support","Information on computer troubleshooting, maintenance, and hardware repair. Covers India's massive informal hardware repair markets (Nehru Place in Delhi, Lamington Road in Mumbai), Annual Maintenance Contracts (AMCs) for corporate fleets, OS formatting, and resolving blue-screen errors."
"IAB19-28","Portable","Content focused on mobile computing hardware. Covers the massive Indian market for laptops (HP, Dell, Lenovo), affordable notebooks for online education, power banks (essential due to power fluctuations), USB-C docks, and enterprise fleet deployments for hybrid work."
"IAB19-29","Entertainment","Information on tech-driven media consumption and recreational hardware. Covers smart TVs, streaming dongles (Amazon Fire TV Stick, Google Chromecast), portable Bluetooth speakers, AR/VR headsets, and setting up digital entertainment hubs in Indian households."
"IAB19-30","Shareware/Freeware","Content regarding free, open-source, and trial software. Covers the massive adoption of Free and Open-Source Software (FOSS) in Indian engineering colleges, downloading utility tools, navigating the freemium model, and the cultural shift away from pirated/cracked software toward open alternatives."
"IAB19-31","Unix","Information on Unix and Linux operating systems. The foundational OS for Indian server administration and DevOps. Covers Linux distributions (Ubuntu, CentOS, Red Hat), bash shell scripting, command-line interfaces, and managing cloud infrastructure on AWS/GCP."
"IAB19-32","Visual Basic","Content focused on Microsoft's legacy event-driven programming language. Highly relevant in the Indian corporate sector for Excel VBA macros (used extensively in accounting and finance KPOs), maintaining older government portals, and legacy enterprise software support."
"IAB19-33","Web Clip Art","Information on stock graphics, vectors, and digital assets. Covers the widespread use of stock imagery in Indian digital marketing agencies, sourcing affordable graphic elements, localized icon sets (rupee symbols, festival vectors), and royalty-free asset libraries (Freepik, Shutterstock)."
"IAB19-34","Web Design/HTML","Content regarding website creation, UI/UX, and frontend markup. Covers the massive Indian freelance web development market (Upwork, Fiverr), WordPress theme customization, responsive web design for mobile-first Indian internet users, and creating localized landing pages."
"IAB19-35","Web Search","Information on Search Engine Optimization (SEO) and search algorithms. Covers the Indian digital marketing landscape, ranking on Google India, vernacular voice search optimization (Hindi/regional languages), keyword research, backlinking strategies, and search engine marketing (SEM)."
"IAB19-36","Windows","Content focused on Microsoft's desktop operating system. The overwhelmingly dominant OS in India. Covers Windows 10/11 updates, troubleshooting registry errors, Windows Defender, enterprise Active Directory deployment in Indian corporate offices, and affordable OEM licensing."
"IAB20","Travel","Comprehensive content regarding tourism, hospitality, and domestic/international journeys. In India, this covers the massive domestic tourism sector (Incredible India, IRCTC), pilgrimage travel (Char Dham, Vaishno Devi), the booming outbound international tourist market, online travel aggregators (MakeMyTrip, Yatra), and the rapid expansion of airport infrastructure (UDAN scheme) across tier-2 and tier-3 cities."
"IAB20-1","Adventure Travel","Information on physically demanding tourism and extreme outdoor excursions. Covers the Indian adventure tourism circuit, including Himalayan trekking in Uttarakhand/Himachal, white-water rafting in Rishikesh, scuba diving in the Andamans, paragliding in Bir Billing, and motorcycle expeditions to Leh-Ladakh."
"IAB20-2","Africa","Content regarding travel to the African continent. For Indian tourists, this primarily focuses on affordable wildlife safaris in Kenya (Masai Mara) and South Africa, witnessing the Great Migration, and visiting Mauritius or Seychelles for visa-on-arrival luxury holidays."
"IAB20-3","Air Travel","Information on commercial aviation and passenger flights. Crucial for the Indian market, covering domestic carriers (IndiGo, Air India, Vistara), airport lounges (Priority Pass), baggage allowances, navigating major terminals like T3 Delhi or T2 Mumbai, and flight booking aggregators (Skyscanner, MMT)."
"IAB20-4","Australia & New Zealand","Content on tourism to Oceania. Covers the growing Indian outbound student and tourist demographic visiting Sydney, Melbourne, and Auckland, applying for subclass 600 visitor visas, and experiencing the Great Barrier Reef or iconic film set locations."
"IAB20-5","Bed & Breakfasts","Information regarding small lodging establishments offering overnight accommodation and breakfast. In India, this maps heavily to the booming homestay and heritage guesthouse market (Oyo Homestays, Airbnb) in destinations like Coorg, Darjeeling, and Kerala, offering authentic regional home-cooked meals."
"IAB20-6","Budget Travel","Content focused on affordable tourism and cost-effective backpacking. Highly relevant to India's youth demographic, covering cheap IRCTC sleeper class train journeys, Zostel backpacker hostels, state transport bus networks (HRTC, KSRTC), and shoestring itineraries for Goa, Gokarna, or Hampi."
"IAB20-7","Business Travel","Information on corporate trips and commercial travel logistics. Covers India's corporate tech hubs (Bengaluru, Gurugram, Mumbai), managing MICE (Meetings, Incentives, Conferences, and Exhibitions) events, GST invoicing for travel, premium business hotels (Taj, ITC, Lemon Tree), and frequent flyer miles."
"IAB20-8","By US Locale","Content traditionally mapped geographically to the United States. In the Indian digital context, this covers outbound Indian tourism to major US cities (New York, San Francisco), navigating the B1/B2 visa appointment process, NRI family visits, and H1-B professional transit."
"IAB20-9","Camping","Information on outdoor recreational living in tents or temporary shelters. Covers the booming Indian glamping (glamorous camping) trend, riverside tent pitching in Kasol or Rishikesh, Pawna Lake camping near Pune/Mumbai, and the essential outdoor gear (Quechua/Decathlon) needed for the Indian terrain."
"IAB20-10","Canada","Content regarding travel to Canada. Highly relevant to the Indian diaspora, covering outbound travel to Toronto, Vancouver, and Calgary, primarily driven by international students, permanent residents (Express Entry), family visitations, and tourism to Banff or Niagara Falls."
"IAB20-11","Caribbean","Information on tourism to the Caribbean islands. A niche luxury and cruise destination for affluent Indians, occasionally tied to honeymoon packages in the Bahamas or Jamaica, and historically connected via the diaspora in Trinidad and Tobago."
"IAB20-12","Cruises","Content focused on passenger shipping and ocean voyages. Covers the rapidly expanding Indian cruise tourism sector, featuring domestic coastal cruises (Cordelia Cruises) from Mumbai to Goa/Lakshadweep, as well as outbound international bookings for Royal Caribbean in Southeast Asia."
"IAB20-13","Eastern Europe","Information on travel to Eastern European nations. A highly popular budget-friendly international sector for Indian tourists and Bollywood film shoots, covering visa-friendly destinations like Azerbaijan (Baku), Georgia, Hungary (Budapest), and the Czech Republic (Prague)."
"IAB20-14","Europe","Content regarding European tourism. Covers the massive Indian outbound tourist demand for the Schengen Visa zone, classic multi-country coach tours (Thomas Cook, SOTC), visiting the Swiss Alps (heavily romanticized by Bollywood), Paris, and the Italian Riviera."
"IAB20-15","France","Information on tourism to France. Focuses on Indian travelers visiting the Eiffel Tower, the Louvre in Paris, exploring the French Riviera (Nice, Cannes), applying for French Schengen visas via VFS Global, and experiencing French gastronomy and fashion."
"IAB20-16","Greece","Content regarding travel to the Hellenic Republic. A highly sought-after premium honeymoon destination for affluent Indians, focusing on Santorini sunsets, Mykonos beach clubs, historic Athens architecture, and Mediterranean luxury resorts."
"IAB20-17","Honeymoons/Getaways","Information on romantic post-wedding holidays. A massive industry in India, covering domestic luxury retreats (Udaipur palaces, Kerala houseboats, Andaman beaches) and popular international visa-on-arrival/e-visa destinations for Indian newlyweds (Maldives, Bali, Dubai, Thailand)."
"IAB20-18","Hotels","Content focused on commercial lodging and hospitality. Covers the vast Indian hotel ecosystem ranging from heritage luxury palace hotels (Taj Lake Palace, Oberoi Udaivilas) to standard corporate lodging, budget aggregators (OYO, FabHotels), and online booking platforms (Agoda, Goibibo)."
"IAB20-19","Italy","Information on tourism to the Italian Republic. Highly popular among Indian tourists for its cultural heritage, cuisine, and luxury shopping. Covers visits to Rome (Colosseum), Venice (gondola rides), Milan, and elite destination weddings (such as those in Lake Como or Tuscany)."
"IAB20-20","Japan","Content regarding travel to Japan. An emerging premium destination for Indian tourists, covering the Tokyo metropolis, Kyoto's temples, experiencing the Shinkansen (bullet trains), Cherry Blossom (Sakura) season, and navigating the simplified e-visa process for Indian passport holders."
"IAB20-21","Mexico & Central America","Information on tourism to Central American regions. A niche, long-haul travel sector for Indians, mostly catering to affluent tourists, covering Cancun resorts, Mayan ruins, and managing the complex travel logistics that often require US transit visas."
"IAB20-22","National Parks","Content focused on protected wildlife reserves and eco-tourism. Deeply relevant in India, covering tiger safaris (Jim Corbett, Ranthambore, Bandhavgarh, Kanha), one-horned rhino spotting in Kaziranga, booking forest department Gypsy safaris, and eco-conservation guidelines."
"IAB20-23","South America","Information on travel to the South American continent. A long-haul, exotic bucket-list destination for elite Indian travelers, covering the Amazon rainforest, Machu Picchu (Peru), Rio de Janeiro (Brazil), and navigating the extensive visa and flight logistics required from India."
"IAB20-24","Spas","Content regarding wellness retreats and therapeutic resorts. Covers India's massive wellness tourism industry, focusing on Ayurvedic Panchakarma retreats in Kerala (Kumarakom), luxury Himalayan spa resorts (Ananda in the Himalayas), holistic rejuvenation, and premium metropolitan day spas."
"IAB20-25","Theme Parks","Information on amusement parks and entertainment resorts. Covers domestic Indian amusement parks (Wonderla, Imagicaa, EsselWorld, Ramoji Film City) as well as outbound family travel to global attractions like Disneyland, Universal Studios Singapore, or Ferrari World in Abu Dhabi."
"IAB20-26","Traveling with Kids","Guidance on family tourism and navigating logistics with infants or toddlers. Covers family-friendly domestic resorts featuring kids' play zones, managing baby food and sanitation on IRCTC train journeys, pediatric packing lists, and finding hygienic destinations across India."
"IAB20-27","United Kingdom","Content regarding tourism to Great Britain and Northern Ireland. Extremely popular for Indian tourists due to historical ties and language familiarity, covering London sightseeing, standard UK visitor visa applications, visiting NRI relatives, and university tours in England and Scotland."
"IAB21","Real Estate","Comprehensive coverage of the Indian property market, land acquisition, and commercial/residential development. Covers major real estate developers (Godrej Properties, DLF, Lodha, Prestige), regulatory compliance under RERA (Real Estate Regulatory Authority), PropTech platforms (MagicBricks, 99acres, NoBroker), commercial leasing in IT parks, property tax, circle rates, and Real Estate Investment Trusts (REITs)."
"IAB21-1","Apartments","Information concerning multi-family housing, flats, and urban residential complexes. Highly relevant in Indian metropolitan areas, covering standard 2BHK and 3BHK configurations, gated communities, high-rise luxury condos, Resident Welfare Associations (RWA), monthly maintenance charges, independent builder floors (prevalent in Delhi NCR), and modern amenities like clubhouses and power backup."
"IAB21-2","Architects","Content focused on building design, structural engineering, and spatial planning. Covers Indian architectural firms, urban planning, civil engineering contractors (thekedars), integrating traditional Vastu Shastra principles into modern floor plans, sustainable green building designs (IGBC certification), and interior design maximizing space in compact urban homes."
"IAB21-3","Buying/Selling Homes","Information on property transactions, conveyancing, and housing finance. Covers the end-to-end Indian home buying journey, including securing home loans (HDFC, SBI), understanding EMIs and down payments, negotiating with local property brokers/dealers, paying stamp duty and registration fees, navigating resale properties versus under-construction projects, and verifying title deeds."
"IAB22","Shopping","Comprehensive content concerning retail commerce, consumer purchasing, and the massive Indian e-commerce ecosystem. Covers mega online sales (Flipkart Big Billion Days, Amazon Great Indian Festival), the booming Q-commerce/quick-delivery platforms (Zepto, Blinkit, Swiggy Instamart), the government-backed ONDC network, burgeoning D2C (Direct-to-Consumer) brands, massive brick-and-mortar retail chains (DMart, Reliance Retail, Croma), and the ubiquitous adoption of UPI payments."
"IAB22-1","Contests & Freebies","Information regarding promotional giveaways, sweepstakes, and consumer rewards. Covers the highly engaged Indian market for social media influencer giveaways, festive brand contests, app-based gamification ('spin the wheel' for discount codes), free product sampling platforms (like Smytten), and digital wallet cashbacks (Google Pay/Paytm scratch cards)."
"IAB22-2","Couponing","Content focused on discount codes, vouchers, and promotional savings. Deeply relevant to the value-conscious Indian consumer, covering cashback aggregators (CashKaro, CouponDunia), instant bank discounts on credit/debit cards (HDFC, SBI, ICICI) during festive sales, omnichannel loyalty programs (Flipkart SuperCoins, Tata Neu coins, PAYBACK), and corporate digital vouchers (Sodexo/Pluxee)."
"IAB22-3","Comparison Engines","Information regarding price discovery and product specification comparison. Highly utilized by Indian consumers prior to tech and electronics purchases, covering popular aggregator platforms (Smartprix, 91mobiles, MySmartPrice) to compare smartphone specifications, browser extensions tracking historical price drops (BuyHatke, Keepa), and finding the lowest price across Amazon, Flipkart, and independent D2C websites."
"IAB23","Religion & Spirituality","Comprehensive content regarding faith, theology, devotional practices, and spiritual philosophy. In India, this encompasses a highly diverse ecosystem of beliefs, pilgrimage tourism (Char Dham, Hajj, Ajmer Sharif, Golden Temple), the Bhakti and Sufi movements, ashrams, meditation centers, and the integration of religious festivals (Diwali, Eid, Christmas) into the socio-cultural fabric."
"IAB23-1","Alternative Religions","Information on minority faiths, new religious movements, and indigenous belief systems. In the Indian context, this encompasses the massive cultural significance of Sikhism (Gurudwaras, Langar), Jainism (Ahimsa, Digambara/Svetambara), Zoroastrianism (Parsi Agiaries), Bahá'í Faith (Lotus Temple), neo-spiritual movements (Brahma Kumaris, Osho), and tribal animism (Sarnaism)."
"IAB23-2","Atheism/Agnosticism","Content focused on rationalism, secular humanism, and the absence of theistic belief. Covers the historical roots of Indian materialism (Carvaka philosophy), the Dravidian rationalist movement (Periyar), modern urban skepticism, scientific temper campaigns by organizations like Maharashtra Andhashraddha Nirmoolan Samiti, and navigating secular life in a deeply religious society."
"IAB23-3","Buddhism","Information regarding the teachings of Siddhartha Gautama and Buddhist philosophy. Highly significant in India as its birthplace, covering major pilgrimage sites (Bodh Gaya, Sarnath), Vipassana meditation centers, Tibetan Buddhism in Dharamshala (the Dalai Lama), and the Navayana (Neo-Buddhist) Dalit movement initiated by Dr. B.R. Ambedkar."
"IAB23-4","Catholicism","Content concerning the Roman Catholic Church and its followers. Covers the deep historical roots of Catholicism in India, particularly in Goa (Basilica of Bom Jesus, St. Francis Xavier), the Syrian Catholic communities of Kerala, Marian devotions (Velankanni Church), attending Mass, and the legacy of Catholic missionary schools and hospitals across the subcontinent."
"IAB23-5","Christianity","Broad coverage of Christian denominations excluding Catholicism. Covers Protestantism, the deeply rooted St. Thomas Christian heritage in Kerala, the Church of North India (CNI) and Church of South India (CSI), the Baptist and Presbyterian majorities in Northeast Indian states (Nagaland, Mizoram), and major celebrations like Christmas and Easter."
"IAB23-6","Hinduism","Information on Sanatana Dharma, the majority religion of India. Covers Vedic philosophy, the Upanishads, Bhagavad Gita, major sects (Vaishnavism, Shaivism, Shaktism), temple architecture (Mandirs), rituals (Puja, Aarti, Havan), festivals (Holi, Navratri, Maha Shivaratri), the caste system discourse, and the Kumbh Mela."
"IAB23-7","Islam","Content regarding the Islamic faith, teachings of the Quran, and the Muslim community in India. Covers Sunni and Shia denominations, daily prayers (Namaz/Salah), mosques (Masjids), fasting during Ramadan, Eid-ul-Fitr, Eid-ul-Adha, the Hajj pilgrimage, Halal dietary laws, Waqf boards, and the syncretic Indian Sufi tradition (Dargahs)."
"IAB23-8","Judaism","Information on the Jewish faith and its diaspora. Covers the rich, peaceful historical heritage of Jews in India, including the Bene Israel of Maharashtra, the Cochin Jews of Kerala, and the Baghdadi Jews. Also covers modern synagogues, heritage conservation, and Chabad Houses catering to Israeli tourists in places like Goa and Pushkar."
"IAB23-9","Latter-Day Saints","Content concerning Mormonism and the Church of Jesus Christ of Latter-day Saints. A highly niche demographic in India, covering small urban congregations (branches and districts) in metropolitan cities like New Delhi, Bengaluru, and Hyderabad, missionary translation work, and community service initiatives."
"IAB23-10","Pagan/Wiccan","Information on modern paganism, Wicca, and esoteric earth-based spirituality. While historically Western, this maps to the rising urban Indian new-age spiritual community practicing tarot card reading, crystal healing, astrology overlap, and esoteric rituals often blending with traditional Indian occult or Tantric practices."
"IAB24","Uncategorized","Content that lacks a definitive thematic classification within the standard taxonomy. In the Indian digital ecosystem, this includes unstructured data, mixed-niche personal blogs, undefined mobile app traffic, obscure regional domains (.in/.co.in) awaiting categorization, and generic web browsing that does not trigger specific behavioral or contextual advertising tags."
"IAB25","Non-Standard Content","Broad category encompassing brand-unsafe, controversial, or unregulated digital environments. In India, digital advertisers actively block this tier to ensure strict brand safety compliance, avoiding any association with unmoderated user forums, explicit adult material, toxic online behavior, and deceptive or low-quality traffic sources."
"IAB25-1","Unmoderated UGC","User-Generated Content lacking editorial oversight or strict community guidelines. In the Indian context, this heavily includes unmonitored WhatsApp forward chains, unregulated Telegram broadcast groups, anonymous public forums, aggressive political comment sections, and unverified citizen journalism that pose severe brand safety risks."
"IAB25-2","Extreme Graphic/Explicit Violence","Content depicting severe bodily harm, gore, or brutal imagery. Highly restricted for Indian advertisers, encompassing unblurred footage of fatal road accidents, communal riot violence, graphic CCTV footage of crimes, and visceral depictions of physical abuse circulated on unmoderated social platforms."
"IAB25-3","Pornography","Sexually explicit material, adult entertainment, and NSFW (Not Safe For Work) content. This violates standard advertising policies and falls under obscenity regulations within India's Information Technology (IT) Act, 2000, including banned adult websites, illicit video streaming, and explicit adult dating platforms."
"IAB25-4","Profane Content","Digital content featuring severe vulgarity, expletives, and foul language. Includes unfiltered internet roast comedy, regional Indian slangs and swear words (gaaliyan), crude humor, and aggressive online trolling or cyberbullying that violates standard community and brand-safety guidelines."
"IAB25-5","Hate Content","Material promoting discrimination, hostility, or violence against specific communities or groups. Highly sensitive in India, covering communal hate speech, religious extremism, caste-based slurs, xenophobia, targeted online harassment, and political polarization aimed at inciting public disharmony."
"IAB25-6","Under Construction","Placeholder webpages, parked domains, and incomplete digital properties. Includes newly registered Indian domains (.in/.bharat) lacking active editorial content, domain-squatting pages, and sites displaying generic 'coming soon' or error messages yielding zero contextual advertising value."
"IAB25-7","Incentivized","Content designed to artificially inflate digital engagement, impressions, or traffic. Covers Indian click-farms, 'earn Paytm cash' schemes, paid survey sites, deceptive Multi-Level Marketing (MLM) funnels, WhatsApp referral link spam, and low-quality platforms paying users to view ads or download apps."
"IAB26","Illegal Content","Broad category encompassing digital activity that directly violates national laws and jurisdiction. In India, this involves breaching the Indian Penal Code (IPC) or the IT Act, covering severe cybercrime, the sale of contraband, financial frauds, dark-web marketplaces, and intellectual property theft."
"IAB26-1","Illegal Content","Specific digital operations facilitating unlawful acts. Includes the online sale of illicit narcotics (violating the NDPS Act), unauthorized firearms, illicit wildlife trade, human trafficking networks, and unregulated offshore betting or gambling apps (like unauthorized Satta Matka or illegal casino platforms)."
"IAB26-2","Warez","Platforms distributing pirated, cracked, or unauthorized software. A massive issue in the Indian digital grey market, encompassing cracked Android APK downloads, bypassed premium SaaS tools, illegal PC game license keys, keygens, and unlicensed operating system distributions."
"IAB26-3","Spyware/Malware","Malicious code and cyber threats designed to compromise user security and steal data. Highly prevalent in Indian cyber fraud, covering banking trojans, deceptive KYC update phishing links (such as fake SBI/HDFC bank SMS alerts), ransomware, spyware hidden in fake utility apps, and credential-harvesting websites."
"IAB26-4","Copyright Infringement","The unauthorized distribution of copyrighted media and intellectual property. Heavily monitored in India, covering movie piracy networks (like TamilRockers), illegal Telegram channels leaking Bollywood/Tollywood films, unauthorized live streams of IPL cricket matches, and pirated educational study materials."
